name,Year,Player,Pos,Age,Tm,G,GS,MP,PER,TS%,3PAr,FTr,ORB%,DRB%,TRB%,AST%,STL%,BLK%,TOV%,USG%,blanl,OWS,DWS,WS,WS/48,blank2,OBPM,DBPM,BPM,VORP,FG,FGA,FG%,3P,3PA,3P%,2P,2PA,2P%,eFG%,FT,FTA,FT%,ORB,DRB,TRB,AST,STL,BLK,TOV,PF,PTS,year_start,year_end,position,height,weight,birth_date,college,YearInNBA,PPG
Dwyane Wade,2004.0,Dwyane Wade,PG,22.0,MIA,61.0,56.0,2126.0,17.6,0.53,0.066,0.391,4.6,9.0,6.8,25.1,2.2,1.3,17.3,25.0,,2.2,2.3,4.6,0.10300000000000001,,0.9,0.4,1.3,1.8,371.0,798.0,0.465,16.0,53.0,0.302,355.0,745.0,0.47700000000000004,0.475,233.0,312.0,0.747,85.0,162.0,247.0,275.0,86.0,34.0,196.0,140.0,991.0,2004.0,2018.0,G,6-4,220.0,"January 17, 1982",Marquette University,0.0,16.24590163934426
Dwyane Wade,2005.0,Dwyane Wade,SG,23.0,MIA,77.0,77.0,2974.0,23.1,0.561,0.034,0.578,4.5,10.8,7.8,31.0,2.2,2.0,16.3,30.9,,6.7,4.3,11.0,0.177,,3.1,1.4,4.4,4.8,630.0,1318.0,0.478,13.0,45.0,0.289,617.0,1273.0,0.485,0.483,581.0,762.0,0.762,110.0,287.0,397.0,520.0,121.0,82.0,321.0,230.0,1854.0,2004.0,2018.0,G,6-4,220.0,"January 17, 1982",Marquette University,1.0,24.07792207792208
Dwyane Wade,2006.0,Dwyane Wade,SG,24.0,MIA,75.0,75.0,2892.0,27.6,0.5770000000000001,0.054000000000000006,0.568,4.5,12.6,8.7,33.0,2.6,1.5,13.2,32.5,,10.2,4.2,14.4,0.239,,5.9,1.6,7.5,7.0,699.0,1413.0,0.495,13.0,76.0,0.171,686.0,1337.0,0.513,0.499,629.0,803.0,0.7829999999999999,107.0,323.0,430.0,503.0,146.0,58.0,268.0,217.0,2040.0,2004.0,2018.0,G,6-4,220.0,"January 17, 1982",Marquette University,2.0,27.2
Dwyane Wade,2007.0,Dwyane Wade,SG,25.0,MIA,51.0,50.0,1931.0,28.9,0.583,0.08199999999999999,0.556,3.2,11.2,7.3,40.5,3.0,2.5,15.3,34.7,,5.9,2.9,8.8,0.21899999999999997,,6.5,1.9,8.4,5.1,472.0,962.0,0.491,21.0,79.0,0.266,451.0,883.0,0.511,0.502,432.0,535.0,0.807,51.0,188.0,239.0,384.0,107.0,62.0,216.0,117.0,1397.0,2004.0,2018.0,G,6-4,220.0,"January 17, 1982",Marquette University,3.0,27.392156862745097
Dwyane Wade,2008.0,Dwyane Wade,SG,26.0,MIA,51.0,49.0,1954.0,21.5,0.5489999999999999,0.08199999999999999,0.498,2.7,10.5,6.6,37.5,2.4,1.5,16.4,33.1,,1.8,1.5,3.3,0.08199999999999999,,3.0,0.0,3.0,2.5,439.0,937.0,0.469,22.0,77.0,0.28600000000000003,417.0,860.0,0.485,0.48,354.0,467.0,0.758,45.0,169.0,214.0,354.0,87.0,37.0,224.0,137.0,1254.0,2004.0,2018.0,G,6-4,220.0,"January 17, 1982",Marquette University,4.0,24.58823529411765
Dwyane Wade,2009.0,Dwyane Wade,SG,27.0,MIA,79.0,79.0,3048.0,30.4,0.574,0.16,0.44299999999999995,3.5,12.2,7.8,40.3,3.0,2.8,11.6,36.2,,10.3,4.4,14.7,0.23199999999999998,,8.7,2.0,10.7,9.7,854.0,1739.0,0.491,88.0,278.0,0.317,766.0,1461.0,0.524,0.516,590.0,771.0,0.765,89.0,309.0,398.0,589.0,173.0,106.0,272.0,178.0,2386.0,2004.0,2018.0,G,6-4,220.0,"January 17, 1982",Marquette University,5.0,30.20253164556962
Dwyane Wade,2010.0,Dwyane Wade,SG,28.0,MIA,77.0,77.0,2792.0,28.0,0.562,0.161,0.465,4.5,11.1,7.8,36.4,2.7,2.4,12.2,34.9,,8.5,4.6,13.0,0.22399999999999998,,7.4,2.0,9.4,8.0,719.0,1511.0,0.47600000000000003,73.0,243.0,0.3,646.0,1268.0,0.509,0.5,534.0,702.0,0.7609999999999999,107.0,266.0,373.0,501.0,142.0,82.0,252.0,181.0,2045.0,2004.0,2018.0,G,6-4,220.0,"January 17, 1982",Marquette University,6.0,26.558441558441558
Dwyane Wade,2011.0,Dwyane Wade,SG,29.0,MIA,76.0,76.0,2823.0,25.6,0.581,0.149,0.47100000000000003,5.5,14.4,10.2,23.5,2.1,2.4,12.4,31.6,,8.1,4.7,12.8,0.218,,4.4,1.5,5.9,5.7,692.0,1384.0,0.5,63.0,206.0,0.306,629.0,1178.0,0.534,0.523,494.0,652.0,0.758,123.0,362.0,485.0,346.0,111.0,87.0,237.0,197.0,1941.0,2004.0,2018.0,G,6-4,220.0,"January 17, 1982",Marquette University,7.0,25.539473684210527
Dwyane Wade,2012.0,Dwyane Wade,SG,30.0,MIA,49.0,49.0,1625.0,26.3,0.5589999999999999,0.067,0.355,5.6,11.6,8.7,27.3,2.7,3.1,11.8,31.3,,4.8,2.9,7.7,0.22699999999999998,,4.5,1.8,6.3,3.4,416.0,837.0,0.49700000000000005,15.0,56.0,0.268,401.0,781.0,0.513,0.506,235.0,297.0,0.7909999999999999,73.0,164.0,237.0,225.0,82.0,63.0,129.0,110.0,1082.0,2004.0,2018.0,G,6-4,220.0,"January 17, 1982",Marquette University,8.0,22.081632653061224
Dwyane Wade,2013.0,Dwyane Wade,SG,31.0,MIA,69.0,69.0,2391.0,24.0,0.5710000000000001,0.06,0.389,4.7,12.6,8.9,26.6,2.8,1.9,13.2,29.5,,6.1,3.5,9.6,0.192,,2.8,1.1,3.9,3.5,569.0,1093.0,0.521,17.0,66.0,0.258,552.0,1027.0,0.537,0.528,308.0,425.0,0.725,86.0,258.0,344.0,352.0,128.0,56.0,194.0,140.0,1463.0,2004.0,2018.0,G,6-4,220.0,"January 17, 1982",Marquette University,9.0,21.202898550724637
Dwyane Wade,2014.0,Dwyane Wade,SG,32.0,MIA,54.0,53.0,1775.0,22.0,0.588,0.042,0.33899999999999997,4.4,12.3,8.5,25.5,2.3,1.4,15.5,27.9,,3.5,2.0,5.5,0.149,,1.9,0.3,2.3,1.9,415.0,761.0,0.545,9.0,32.0,0.281,406.0,729.0,0.557,0.551,189.0,258.0,0.733,60.0,181.0,241.0,252.0,79.0,29.0,161.0,106.0,1028.0,2004.0,2018.0,G,6-4,220.0,"January 17, 1982",Marquette University,10.0,19.037037037037038
Dwyane Wade,2015.0,Dwyane Wade,SG,33.0,MIA,62.0,62.0,1971.0,21.4,0.534,0.094,0.341,3.6,9.6,6.7,32.1,2.0,0.9,14.4,34.7,,2.1,1.4,3.5,0.086,,2.4,-1.2,1.2,1.6,509.0,1084.0,0.47,29.0,102.0,0.284,480.0,982.0,0.489,0.483,284.0,370.0,0.768,58.0,161.0,219.0,299.0,73.0,21.0,209.0,105.0,1331.0,2004.0,2018.0,G,6-4,220.0,"January 17, 1982",Marquette University,11.0,21.467741935483872
Dwyane Wade,2016.0,Dwyane Wade,SG,34.0,MIA,74.0,73.0,2258.0,20.3,0.517,0.037000000000000005,0.34299999999999997,4.3,10.7,7.6,27.4,1.8,1.4,13.0,31.6,,2.4,2.6,4.9,0.105,,0.9,-0.1,0.8,1.6,540.0,1183.0,0.456,7.0,44.0,0.159,533.0,1139.0,0.46799999999999997,0.45899999999999996,322.0,406.0,0.7929999999999999,82.0,220.0,302.0,344.0,79.0,42.0,203.0,116.0,1409.0,2004.0,2018.0,G,6-4,220.0,"January 17, 1982",Marquette University,12.0,19.04054054054054
Dwyane Wade,2017.0,Dwyane Wade,SG,35.0,CHI,60.0,59.0,1792.0,18.5,0.508,0.152,0.294,3.8,12.6,8.2,22.4,2.4,1.8,11.3,29.6,,0.9,2.5,3.4,0.09,,0.4,0.6,1.0,1.4,414.0,955.0,0.434,45.0,145.0,0.31,369.0,810.0,0.456,0.457,223.0,281.0,0.794,64.0,207.0,271.0,229.0,86.0,41.0,138.0,112.0,1096.0,2004.0,2018.0,G,6-4,220.0,"January 17, 1982",Marquette University,13.0,18.266666666666666
Kevin Durant,2008.0,Kevin Durant,SG,19.0,SEA,80.0,80.0,2768.0,15.8,0.519,0.15,0.32799999999999996,2.8,10.9,6.9,12.0,1.4,1.9,12.9,28.1,,0.4,1.9,2.3,0.04,,-0.6,-0.7,-1.4,0.4,587.0,1366.0,0.43,59.0,205.0,0.28800000000000003,528.0,1161.0,0.455,0.451,391.0,448.0,0.873,70.0,278.0,348.0,192.0,78.0,75.0,232.0,122.0,1624.0,2008.0,2018.0,F-G,6-9,240.0,"September 29, 1988",University of Texas at Austin,0.0,20.3
Kevin Durant,2009.0,Kevin Durant,SF,20.0,OKC,74.0,74.0,2885.0,20.8,0.5770000000000001,0.165,0.377,3.0,16.4,9.6,13.5,1.7,1.4,12.2,28.3,,5.2,2.7,7.9,0.132,,2.2,-0.5,1.8,2.8,661.0,1390.0,0.47600000000000003,97.0,230.0,0.42200000000000004,564.0,1160.0,0.486,0.51,452.0,524.0,0.863,77.0,405.0,482.0,205.0,96.0,53.0,225.0,134.0,1871.0,2008.0,2018.0,F-G,6-9,240.0,"September 29, 1988",University of Texas at Austin,1.0,25.283783783783782
Kevin Durant,2010.0,Kevin Durant,SF,21.0,OKC,82.0,82.0,3239.0,26.2,0.607,0.21,0.504,3.8,17.9,11.0,13.5,1.8,1.9,11.7,32.0,,11.1,5.0,16.1,0.23800000000000002,,4.9,0.2,5.1,5.8,794.0,1668.0,0.47600000000000003,128.0,351.0,0.365,666.0,1317.0,0.506,0.514,756.0,840.0,0.9,105.0,518.0,623.0,231.0,112.0,84.0,271.0,171.0,2472.0,2008.0,2018.0,F-G,6-9,240.0,"September 29, 1988",University of Texas at Austin,2.0,30.146341463414632
Kevin Durant,2011.0,Kevin Durant,SF,22.0,OKC,78.0,78.0,3038.0,23.6,0.589,0.26899999999999996,0.439,2.3,17.7,10.3,13.2,1.5,1.8,10.6,30.6,,8.6,3.3,12.0,0.18899999999999997,,3.7,-0.8,2.9,3.7,711.0,1538.0,0.462,145.0,414.0,0.35,566.0,1124.0,0.504,0.509,594.0,675.0,0.88,57.0,476.0,533.0,214.0,88.0,76.0,218.0,159.0,2161.0,2008.0,2018.0,F-G,6-9,240.0,"September 29, 1988",University of Texas at Austin,3.0,27.705128205128204
Kevin Durant,2012.0,Kevin Durant,SF,23.0,OKC,66.0,66.0,2546.0,26.2,0.61,0.265,0.386,1.9,20.4,11.8,17.5,1.8,2.2,14.0,31.3,,8.5,3.7,12.2,0.23,,4.7,0.5,5.2,4.6,643.0,1297.0,0.496,133.0,344.0,0.387,510.0,953.0,0.535,0.547,431.0,501.0,0.86,40.0,487.0,527.0,231.0,88.0,77.0,248.0,133.0,1850.0,2008.0,2018.0,F-G,6-9,240.0,"September 29, 1988",University of Texas at Austin,4.0,28.03030303030303
Kevin Durant,2013.0,Kevin Durant,SF,24.0,OKC,81.0,81.0,3119.0,28.3,0.647,0.233,0.523,1.8,20.3,11.8,21.7,1.9,2.6,13.7,29.8,,13.6,5.3,18.9,0.29100000000000004,,6.2,1.4,7.7,7.6,731.0,1433.0,0.51,139.0,334.0,0.41600000000000004,592.0,1099.0,0.539,0.5589999999999999,679.0,750.0,0.905,46.0,594.0,640.0,374.0,116.0,105.0,280.0,143.0,2280.0,2008.0,2018.0,F-G,6-9,240.0,"September 29, 1988",University of Texas at Austin,5.0,28.14814814814815
Kevin Durant,2014.0,Kevin Durant,SF,25.0,OKC,81.0,81.0,3122.0,29.8,0.635,0.29100000000000004,0.47700000000000004,2.2,18.6,10.8,26.7,1.7,1.5,12.2,33.0,,14.8,4.4,19.2,0.295,,8.4,0.4,8.8,8.5,849.0,1688.0,0.503,192.0,491.0,0.391,657.0,1197.0,0.5489999999999999,0.56,703.0,805.0,0.873,58.0,540.0,598.0,445.0,103.0,59.0,285.0,174.0,2593.0,2008.0,2018.0,F-G,6-9,240.0,"September 29, 1988",University of Texas at Austin,6.0,32.01234567901235
Kevin Durant,2015.0,Kevin Durant,SF,26.0,OKC,27.0,27.0,913.0,27.6,0.633,0.34,0.366,1.9,18.7,10.4,22.2,1.3,2.2,12.0,29.1,,3.8,1.0,4.8,0.252,,6.3,-0.2,6.1,1.9,238.0,467.0,0.51,64.0,159.0,0.40299999999999997,174.0,308.0,0.565,0.578,146.0,171.0,0.8540000000000001,16.0,162.0,178.0,110.0,24.0,25.0,74.0,40.0,686.0,2008.0,2018.0,F-G,6-9,240.0,"September 29, 1988",University of Texas at Austin,7.0,25.40740740740741
Kevin Durant,2016.0,Kevin Durant,SF,27.0,OKC,72.0,72.0,2578.0,28.2,0.634,0.348,0.361,2.0,21.8,12.4,24.2,1.3,2.5,13.5,30.6,,11.0,3.5,14.5,0.27,,7.0,0.9,7.9,6.4,698.0,1381.0,0.505,186.0,481.0,0.387,512.0,900.0,0.569,0.573,447.0,498.0,0.898,45.0,544.0,589.0,361.0,69.0,85.0,250.0,137.0,2029.0,2008.0,2018.0,F-G,6-9,240.0,"September 29, 1988",University of Texas at Austin,8.0,28.180555555555557
Kevin Durant,2017.0,Kevin Durant,SF,28.0,GSW,62.0,62.0,2070.0,27.6,0.6509999999999999,0.304,0.374,2.2,23.6,13.6,23.1,1.5,3.8,10.4,27.8,,8.0,4.0,12.0,0.27699999999999997,,5.4,2.6,8.0,5.2,551.0,1026.0,0.537,117.0,312.0,0.375,434.0,714.0,0.608,0.594,336.0,384.0,0.875,39.0,474.0,513.0,300.0,66.0,99.0,138.0,117.0,1555.0,2008.0,2018.0,F-G,6-9,240.0,"September 29, 1988",University of Texas at Austin,9.0,25.080645161290324
Kevin Garnett,1996.0,Kevin Garnett,SF,19.0,MIN,80.0,43.0,2293.0,15.8,0.522,0.038,0.203,9.1,17.0,13.1,10.6,1.9,4.4,12.1,17.6,,1.8,2.6,4.4,0.092,,-0.7,2.4,1.7,2.1,361.0,735.0,0.491,8.0,28.0,0.28600000000000003,353.0,707.0,0.499,0.49700000000000005,105.0,149.0,0.705,175.0,326.0,501.0,145.0,86.0,131.0,110.0,189.0,835.0,1996.0,2016.0,F-C,6-11,240.0,"May 19, 1976",,0.0,10.4375
Kevin Garnett,1997.0,Kevin Garnett,SF,20.0,MIN,77.0,77.0,2995.0,18.2,0.537,0.019,0.247,7.6,16.8,12.2,14.1,1.9,4.1,12.5,21.3,,3.4,3.9,7.3,0.11599999999999999,,0.3,2.6,2.9,3.7,549.0,1100.0,0.499,6.0,21.0,0.28600000000000003,543.0,1079.0,0.503,0.502,205.0,272.0,0.754,190.0,428.0,618.0,236.0,105.0,163.0,175.0,199.0,1309.0,1996.0,2016.0,F-C,6-11,240.0,"May 19, 1976",,1.0,17.0
Kevin Garnett,1998.0,Kevin Garnett,PF,21.0,MIN,82.0,82.0,3222.0,20.4,0.527,0.012,0.257,7.9,19.7,13.9,18.2,2.2,3.3,11.8,22.5,,5.3,4.2,9.6,0.14300000000000002,,1.9,2.9,4.8,5.5,635.0,1293.0,0.491,3.0,16.0,0.188,632.0,1277.0,0.495,0.49200000000000005,245.0,332.0,0.738,222.0,564.0,786.0,348.0,139.0,150.0,192.0,224.0,1518.0,1996.0,2016.0,F-C,6-11,240.0,"May 19, 1976",,2.0,18.51219512195122
Kevin Garnett,1999.0,Kevin Garnett,PF,22.0,MIN,47.0,47.0,1780.0,22.4,0.493,0.016,0.22899999999999998,9.7,22.0,15.4,21.3,2.3,3.5,12.0,27.8,,2.4,3.0,5.4,0.146,,2.5,3.2,5.7,3.5,414.0,900.0,0.46,4.0,14.0,0.28600000000000003,410.0,886.0,0.46299999999999997,0.462,145.0,206.0,0.7040000000000001,166.0,323.0,489.0,202.0,78.0,83.0,135.0,152.0,977.0,1996.0,2016.0,F-C,6-11,240.0,"May 19, 1976",,3.0,20.78723404255319
Kevin Garnett,2000.0,Kevin Garnett,PF,23.0,MIN,81.0,81.0,3243.0,23.6,0.545,0.053,0.265,7.9,26.6,17.1,21.5,1.9,2.8,13.6,27.4,,6.1,5.6,11.6,0.172,,3.1,3.0,6.1,6.6,759.0,1526.0,0.49700000000000005,30.0,81.0,0.37,729.0,1445.0,0.504,0.507,309.0,404.0,0.765,223.0,733.0,956.0,401.0,120.0,126.0,268.0,205.0,1857.0,1996.0,2016.0,F-C,6-11,240.0,"May 19, 1976",,4.0,22.925925925925927
Kevin Garnett,2001.0,Kevin Garnett,PF,24.0,MIN,81.0,81.0,3202.0,23.9,0.531,0.045,0.317,7.7,25.3,16.4,21.8,1.8,3.2,12.0,27.0,,7.0,4.8,11.8,0.17600000000000002,,3.0,2.7,5.7,6.2,704.0,1475.0,0.47700000000000004,19.0,66.0,0.28800000000000003,685.0,1409.0,0.486,0.484,357.0,467.0,0.764,219.0,702.0,921.0,401.0,111.0,145.0,230.0,204.0,1784.0,1996.0,2016.0,F-C,6-11,240.0,"May 19, 1976",,5.0,22.02469135802469
Kevin Garnett,2002.0,Kevin Garnett,PF,25.0,MIN,81.0,81.0,3175.0,23.8,0.536,0.083,0.32,9.0,26.5,17.8,22.4,1.6,2.9,12.5,26.0,,7.9,4.9,12.8,0.19399999999999998,,3.6,3.1,6.7,7.0,659.0,1401.0,0.47,37.0,116.0,0.319,622.0,1285.0,0.484,0.484,359.0,448.0,0.8009999999999999,243.0,738.0,981.0,422.0,96.0,126.0,229.0,184.0,1714.0,1996.0,2016.0,F-C,6-11,240.0,"May 19, 1976",,6.0,21.160493827160494
Kevin Garnett,2003.0,Kevin Garnett,PF,26.0,MIN,82.0,82.0,3321.0,26.4,0.5529999999999999,0.048,0.33899999999999997,8.6,28.5,18.8,25.8,1.8,2.8,11.9,26.4,,9.8,5.8,15.6,0.225,,5.0,3.7,8.7,9.0,743.0,1481.0,0.502,20.0,71.0,0.282,723.0,1410.0,0.513,0.508,377.0,502.0,0.7509999999999999,244.0,858.0,1102.0,495.0,113.0,129.0,229.0,199.0,1883.0,1996.0,2016.0,F-C,6-11,240.0,"May 19, 1976",,7.0,22.963414634146343
Kevin Garnett,2004.0,Kevin Garnett,PF,27.0,MIN,82.0,82.0,3231.0,29.4,0.547,0.027000000000000003,0.289,9.1,30.0,20.1,24.4,2.0,4.0,10.5,29.6,,10.4,8.0,18.3,0.272,,4.9,5.0,9.9,9.8,804.0,1611.0,0.499,11.0,43.0,0.256,793.0,1568.0,0.506,0.502,368.0,465.0,0.7909999999999999,245.0,894.0,1139.0,409.0,120.0,178.0,212.0,202.0,1987.0,1996.0,2016.0,F-C,6-11,240.0,"May 19, 1976",,8.0,24.23170731707317
Kevin Garnett,2005.0,Kevin Garnett,PF,28.0,MIN,82.0,82.0,3121.0,28.2,0.5670000000000001,0.018000000000000002,0.40399999999999997,9.5,30.2,20.3,27.1,2.1,2.6,12.2,27.1,,10.1,6.0,16.1,0.248,,5.3,4.4,9.7,9.3,683.0,1360.0,0.502,6.0,25.0,0.24,677.0,1335.0,0.507,0.504,445.0,549.0,0.8109999999999999,247.0,861.0,1108.0,466.0,121.0,112.0,222.0,207.0,1817.0,1996.0,2016.0,F-C,6-11,240.0,"May 19, 1976",,9.0,22.158536585365855
Kevin Garnett,2006.0,Kevin Garnett,PF,29.0,MIN,76.0,76.0,2957.0,26.8,0.589,0.025,0.41100000000000003,8.9,29.7,19.6,20.2,1.9,2.7,11.3,25.5,,9.0,5.9,14.9,0.242,,4.4,3.5,7.9,7.4,626.0,1191.0,0.526,8.0,30.0,0.267,618.0,1161.0,0.532,0.529,396.0,489.0,0.81,214.0,752.0,966.0,308.0,104.0,107.0,180.0,206.0,1656.0,1996.0,2016.0,F-C,6-11,240.0,"May 19, 1976",,10.0,21.789473684210527
Kevin Garnett,2007.0,Kevin Garnett,PF,30.0,MIN,76.0,76.0,2995.0,24.1,0.546,0.042,0.371,7.5,30.8,19.5,19.5,1.6,3.2,11.6,27.4,,5.7,4.9,10.7,0.171,,1.8,3.2,5.0,5.2,638.0,1341.0,0.47600000000000003,12.0,56.0,0.214,626.0,1285.0,0.48700000000000004,0.48,416.0,498.0,0.835,183.0,792.0,975.0,313.0,89.0,126.0,205.0,184.0,1704.0,1996.0,2016.0,F-C,6-11,240.0,"May 19, 1976",,11.0,22.42105263157895
Kevin Garnett,2008.0,Kevin Garnett,PF,31.0,BOS,71.0,71.0,2328.0,25.3,0.588,0.011000000000000001,0.33899999999999997,7.3,25.1,16.8,19.9,2.3,3.1,10.8,25.5,,6.6,6.2,12.9,0.265,,2.7,4.7,7.4,5.5,534.0,990.0,0.539,0.0,11.0,0.0,534.0,979.0,0.545,0.539,269.0,336.0,0.8009999999999999,135.0,520.0,655.0,244.0,100.0,89.0,138.0,163.0,1337.0,1996.0,2016.0,F-C,6-11,240.0,"May 19, 1976",,12.0,18.830985915492956
Kevin Garnett,2009.0,Kevin Garnett,PF,32.0,BOS,57.0,57.0,1772.0,21.2,0.563,0.011000000000000001,0.17800000000000002,5.6,26.7,16.6,14.7,1.9,3.1,10.1,23.4,,3.0,4.1,7.1,0.193,,0.2,3.7,4.0,2.7,393.0,740.0,0.531,2.0,8.0,0.25,391.0,732.0,0.534,0.532,111.0,132.0,0.841,78.0,407.0,485.0,144.0,63.0,68.0,90.0,128.0,899.0,1996.0,2016.0,F-C,6-11,240.0,"May 19, 1976",,13.0,15.771929824561404
Kevin Garnett,2010.0,Kevin Garnett,PF,33.0,BOS,69.0,69.0,2060.0,19.4,0.569,0.006,0.28600000000000003,4.8,24.8,15.1,15.7,1.7,2.2,10.4,22.1,,3.6,3.8,7.3,0.171,,0.0,2.6,2.6,2.4,402.0,772.0,0.521,1.0,5.0,0.2,401.0,767.0,0.523,0.521,185.0,221.0,0.8370000000000001,78.0,428.0,506.0,185.0,68.0,57.0,101.0,170.0,990.0,1996.0,2016.0,F-C,6-11,240.0,"May 19, 1976",,14.0,14.347826086956522
Kevin Garnett,2011.0,Kevin Garnett,PF,34.0,BOS,71.0,71.0,2220.0,20.6,0.575,0.006,0.264,4.9,28.7,17.5,13.5,2.3,2.0,11.1,22.3,,3.4,5.6,9.0,0.19399999999999998,,0.0,4.1,4.0,3.4,434.0,822.0,0.528,1.0,5.0,0.2,433.0,817.0,0.53,0.529,187.0,217.0,0.862,83.0,548.0,631.0,171.0,95.0,57.0,115.0,148.0,1056.0,1996.0,2016.0,F-C,6-11,240.0,"May 19, 1976",,15.0,14.873239436619718
Kevin Garnett,2012.0,Kevin Garnett,C,35.0,BOS,60.0,60.0,1864.0,20.4,0.55,0.012,0.243,4.4,25.8,15.6,17.9,1.6,2.5,11.1,24.9,,2.6,4.3,6.9,0.17800000000000002,,0.2,3.3,3.6,2.6,391.0,777.0,0.503,3.0,9.0,0.33299999999999996,388.0,768.0,0.505,0.505,162.0,189.0,0.857,66.0,428.0,494.0,175.0,56.0,61.0,107.0,141.0,947.0,1996.0,2016.0,F-C,6-11,240.0,"May 19, 1976",,16.0,15.783333333333333
Kevin Garnett,2013.0,Kevin Garnett,C,36.0,BOS,68.0,68.0,2022.0,19.2,0.535,0.019,0.23600000000000002,4.5,25.8,15.5,14.4,2.0,2.4,10.5,24.5,,1.8,3.8,5.6,0.133,,-1.2,2.3,1.0,1.5,422.0,850.0,0.496,2.0,16.0,0.125,420.0,834.0,0.504,0.498,158.0,201.0,0.7859999999999999,75.0,455.0,530.0,159.0,78.0,62.0,110.0,154.0,1004.0,1996.0,2016.0,F-C,6-11,240.0,"May 19, 1976",,17.0,14.764705882352942
Kevin Garnett,2014.0,Kevin Garnett,C,37.0,BRK,54.0,54.0,1109.0,13.3,0.467,0.008,0.132,6.5,32.1,19.3,12.4,2.0,3.0,15.5,18.9,,-0.7,1.9,1.2,0.054000000000000006,,-4.7,2.8,-1.9,0.0,157.0,356.0,0.441,0.0,3.0,0.0,157.0,353.0,0.445,0.441,38.0,47.0,0.809,60.0,298.0,358.0,82.0,43.0,40.0,69.0,123.0,352.0,1996.0,2016.0,F-C,6-11,240.0,"May 19, 1976",,18.0,6.518518518518518
Kevin Garnett,2015.0,Kevin Garnett,PF,38.0,TOT,47.0,47.0,952.0,15.2,0.496,0.023,0.147,5.7,31.1,18.3,13.1,2.5,1.4,12.4,17.8,,0.4,1.5,1.9,0.096,,-2.6,2.4,-0.2,0.4,143.0,306.0,0.467,1.0,7.0,0.14300000000000002,142.0,299.0,0.475,0.469,36.0,45.0,0.8,48.0,263.0,311.0,77.0,46.0,17.0,46.0,109.0,323.0,1996.0,2016.0,F-C,6-11,240.0,"May 19, 1976",,19.0,6.872340425531915
Kevin Garnett,2015.0,Kevin Garnett,PF,38.0,BRK,42.0,42.0,854.0,14.8,0.486,0.022000000000000002,0.149,6.1,31.3,18.7,13.0,2.5,1.2,13.3,18.1,,0.2,1.4,1.6,0.08900000000000001,,-2.8,2.5,-0.4,0.3,125.0,275.0,0.455,1.0,6.0,0.16699999999999998,124.0,269.0,0.461,0.456,34.0,41.0,0.8290000000000001,46.0,239.0,285.0,69.0,41.0,13.0,45.0,96.0,285.0,1996.0,2016.0,F-C,6-11,240.0,"May 19, 1976",,19.0,6.785714285714286
Kevin Garnett,2015.0,Kevin Garnett,PF,38.0,MIN,5.0,5.0,98.0,19.3,0.58,0.032,0.129,2.3,28.9,15.2,14.3,2.6,3.2,3.0,15.2,,0.2,0.1,0.3,0.161,,-0.2,1.7,1.4,0.1,18.0,31.0,0.581,0.0,1.0,0.0,18.0,30.0,0.6,0.581,2.0,4.0,0.5,2.0,24.0,26.0,8.0,5.0,4.0,1.0,13.0,38.0,1996.0,2016.0,F-C,6-11,240.0,"May 19, 1976",,19.0,7.6
Kevin Garnett,2016.0,Kevin Garnett,PF,39.0,MIN,38.0,38.0,556.0,12.3,0.491,0.009000000000000001,0.183,3.2,27.9,15.7,16.4,2.5,1.5,11.4,11.3,,0.4,0.7,1.1,0.092,,-2.5,2.5,0.0,0.3,54.0,115.0,0.47,0.0,1.0,0.0,54.0,114.0,0.474,0.47,14.0,21.0,0.667,15.0,135.0,150.0,62.0,28.0,10.0,16.0,70.0,122.0,1996.0,2016.0,F-C,6-11,240.0,"May 19, 1976",,20.0,3.210526315789474
Kobe Bryant,1997.0,Kobe Bryant,SG,18.0,LAL,71.0,6.0,1103.0,14.4,0.544,0.322,0.39299999999999996,4.9,8.7,6.8,13.8,2.3,1.6,18.5,24.7,,0.5,1.3,1.8,0.079,,-0.9,-0.8,-1.7,0.1,176.0,422.0,0.41700000000000004,51.0,136.0,0.375,125.0,286.0,0.43700000000000006,0.47700000000000004,136.0,166.0,0.8190000000000001,47.0,85.0,132.0,91.0,49.0,23.0,112.0,102.0,539.0,1997.0,2016.0,G-F,6-6,212.0,"August 23, 1978",,0.0,7.591549295774648
Kobe Bryant,1998.0,Kobe Bryant,SG,19.0,LAL,79.0,1.0,2056.0,18.5,0.5479999999999999,0.24100000000000002,0.501,4.5,8.7,6.7,16.0,1.8,1.3,12.4,27.2,,4.5,1.8,6.3,0.147,,1.9,-1.7,0.2,1.1,391.0,913.0,0.428,75.0,220.0,0.341,316.0,693.0,0.456,0.469,363.0,457.0,0.794,79.0,163.0,242.0,199.0,74.0,40.0,157.0,180.0,1220.0,1997.0,2016.0,G-F,6-6,212.0,"August 23, 1978",,1.0,15.443037974683545
Kobe Bryant,1999.0,Kobe Bryant,SG,20.0,LAL,50.0,50.0,1896.0,18.9,0.5489999999999999,0.13,0.375,3.3,12.7,8.1,17.5,2.0,1.9,14.7,25.3,,3.7,1.5,5.2,0.13,,2.0,0.3,2.3,2.1,362.0,779.0,0.465,27.0,101.0,0.267,335.0,678.0,0.494,0.48200000000000004,245.0,292.0,0.8390000000000001,53.0,211.0,264.0,190.0,72.0,50.0,157.0,153.0,996.0,1997.0,2016.0,G-F,6-6,212.0,"August 23, 1978",,2.0,19.92
Kobe Bryant,2000.0,Kobe Bryant,SG,21.0,LAL,66.0,62.0,2524.0,21.7,0.546,0.122,0.341,4.6,12.9,8.8,22.4,2.2,1.7,11.8,26.8,,6.1,4.5,10.6,0.20199999999999999,,3.6,1.7,5.3,4.7,554.0,1183.0,0.46799999999999997,46.0,144.0,0.319,508.0,1039.0,0.489,0.488,331.0,403.0,0.821,108.0,308.0,416.0,323.0,106.0,62.0,182.0,220.0,1485.0,1997.0,2016.0,G-F,6-6,212.0,"August 23, 1978",,3.0,22.5
Kobe Bryant,2001.0,Kobe Bryant,SG,22.0,LAL,68.0,68.0,2783.0,24.5,0.552,0.132,0.369,4.3,11.8,8.1,23.0,2.1,1.1,11.1,31.8,,9.2,2.2,11.3,0.196,,5.3,-1.0,4.2,4.4,701.0,1510.0,0.46399999999999997,61.0,200.0,0.305,640.0,1310.0,0.489,0.484,475.0,557.0,0.853,104.0,295.0,399.0,338.0,114.0,43.0,220.0,222.0,1938.0,1997.0,2016.0,G-F,6-6,212.0,"August 23, 1978",,4.0,28.5
Kobe Bryant,2002.0,Kobe Bryant,SG,23.0,LAL,80.0,80.0,3063.0,23.2,0.544,0.083,0.369,4.1,11.7,7.9,25.9,2.0,0.8,10.7,30.4,,8.9,3.8,12.7,0.19899999999999998,,4.4,0.1,4.4,5.0,749.0,1597.0,0.469,33.0,132.0,0.25,716.0,1465.0,0.489,0.479,488.0,589.0,0.8290000000000001,112.0,329.0,441.0,438.0,118.0,35.0,223.0,228.0,2019.0,1997.0,2016.0,G-F,6-6,212.0,"August 23, 1978",,5.0,25.2375
Kobe Bryant,2003.0,Kobe Bryant,SG,24.0,LAL,82.0,82.0,3401.0,26.2,0.55,0.168,0.371,3.5,15.3,9.3,27.2,2.8,1.4,11.4,32.9,,11.0,4.0,14.9,0.21,,6.1,0.3,6.4,7.1,868.0,1924.0,0.451,124.0,324.0,0.38299999999999995,744.0,1600.0,0.465,0.483,601.0,713.0,0.843,106.0,458.0,564.0,481.0,181.0,67.0,288.0,218.0,2461.0,1997.0,2016.0,G-F,6-6,212.0,"August 23, 1978",,6.0,30.01219512195122
Kobe Bryant,2004.0,Kobe Bryant,SG,25.0,LAL,65.0,64.0,2447.0,23.7,0.551,0.184,0.452,4.7,12.0,8.3,24.4,2.4,0.8,10.8,29.1,,7.8,3.0,10.7,0.21,,5.5,0.2,5.7,4.7,516.0,1178.0,0.43799999999999994,71.0,217.0,0.327,445.0,961.0,0.46299999999999997,0.46799999999999997,454.0,533.0,0.852,103.0,256.0,359.0,330.0,112.0,28.0,171.0,176.0,1557.0,1997.0,2016.0,G-F,6-6,212.0,"August 23, 1978",,7.0,23.953846153846154
Kobe Bryant,2005.0,Kobe Bryant,SG,26.0,LAL,66.0,66.0,2689.0,23.3,0.563,0.292,0.502,4.0,12.4,8.2,28.5,1.7,1.4,14.3,31.7,,7.1,1.0,8.1,0.145,,5.6,-1.0,4.6,4.5,573.0,1324.0,0.433,131.0,387.0,0.33899999999999997,442.0,937.0,0.47200000000000003,0.48200000000000004,542.0,664.0,0.816,95.0,297.0,392.0,398.0,86.0,53.0,270.0,174.0,1819.0,1997.0,2016.0,G-F,6-6,212.0,"August 23, 1978",,8.0,27.560606060606062
Kobe Bryant,2006.0,Kobe Bryant,SG,27.0,LAL,80.0,80.0,3277.0,28.0,0.5589999999999999,0.23800000000000002,0.377,2.6,12.7,7.6,24.1,2.4,0.7,9.0,38.7,,11.6,3.7,15.3,0.22399999999999998,,7.3,-1.5,5.8,6.5,978.0,2173.0,0.45,180.0,518.0,0.34700000000000003,798.0,1655.0,0.48200000000000004,0.491,696.0,819.0,0.85,71.0,354.0,425.0,360.0,147.0,30.0,250.0,233.0,2832.0,1997.0,2016.0,G-F,6-6,212.0,"August 23, 1978",,9.0,35.4
Kobe Bryant,2007.0,Kobe Bryant,SG,28.0,LAL,77.0,77.0,3140.0,26.1,0.58,0.22699999999999998,0.43700000000000006,2.8,13.5,8.2,25.5,1.8,0.9,10.9,33.6,,10.8,2.2,13.0,0.19899999999999998,,6.1,-1.4,4.7,5.3,813.0,1757.0,0.46299999999999997,137.0,398.0,0.344,676.0,1359.0,0.49700000000000005,0.502,667.0,768.0,0.868,75.0,364.0,439.0,413.0,111.0,36.0,255.0,205.0,2430.0,1997.0,2016.0,G-F,6-6,212.0,"August 23, 1978",,10.0,31.558441558441558
Kobe Bryant,2008.0,Kobe Bryant,SG,29.0,LAL,82.0,82.0,3192.0,24.2,0.5760000000000001,0.24600000000000002,0.439,3.4,14.1,9.0,23.9,2.4,0.9,11.3,31.4,,9.5,4.3,13.8,0.20800000000000002,,5.1,0.3,5.4,6.0,775.0,1690.0,0.45899999999999996,150.0,415.0,0.361,625.0,1275.0,0.49,0.503,623.0,742.0,0.84,94.0,423.0,517.0,441.0,151.0,40.0,257.0,227.0,2323.0,1997.0,2016.0,G-F,6-6,212.0,"August 23, 1978",,11.0,28.329268292682926
Kobe Bryant,2009.0,Kobe Bryant,SG,30.0,LAL,82.0,82.0,2960.0,24.4,0.561,0.196,0.32899999999999996,3.5,12.8,8.2,23.8,2.1,1.0,9.7,32.2,,8.6,4.0,12.7,0.20600000000000002,,4.8,-0.2,4.5,4.9,800.0,1712.0,0.467,118.0,336.0,0.35100000000000003,682.0,1376.0,0.496,0.502,483.0,564.0,0.856,90.0,339.0,429.0,399.0,120.0,37.0,210.0,189.0,2201.0,1997.0,2016.0,G-F,6-6,212.0,"August 23, 1978",,12.0,26.841463414634145
Kobe Bryant,2010.0,Kobe Bryant,SG,31.0,LAL,73.0,73.0,2835.0,21.9,0.545,0.192,0.345,3.1,12.2,7.7,23.8,2.1,0.5,11.4,32.3,,5.4,4.0,9.4,0.16,,3.6,-0.1,3.6,4.0,716.0,1569.0,0.456,99.0,301.0,0.32899999999999996,617.0,1268.0,0.48700000000000004,0.488,439.0,541.0,0.8109999999999999,78.0,313.0,391.0,365.0,113.0,20.0,233.0,187.0,1970.0,1997.0,2016.0,G-F,6-6,212.0,"August 23, 1978",,13.0,26.986301369863014
Kobe Bryant,2011.0,Kobe Bryant,SG,32.0,LAL,82.0,82.0,2779.0,23.9,0.5479999999999999,0.217,0.35600000000000004,3.5,13.3,8.5,26.7,1.9,0.3,11.4,35.1,,6.8,3.5,10.3,0.17800000000000002,,4.7,-0.9,3.8,4.1,740.0,1639.0,0.451,115.0,356.0,0.32299999999999995,625.0,1283.0,0.48700000000000004,0.48700000000000004,483.0,583.0,0.828,83.0,336.0,419.0,388.0,99.0,12.0,243.0,172.0,2078.0,1997.0,2016.0,G-F,6-6,212.0,"August 23, 1978",,14.0,25.341463414634145
Kobe Bryant,2012.0,Kobe Bryant,SG,33.0,LAL,58.0,58.0,2232.0,21.9,0.527,0.215,0.33799999999999997,3.5,11.8,7.8,23.7,1.6,0.6,11.7,35.7,,4.2,2.0,6.2,0.132,,3.6,-1.4,2.3,2.4,574.0,1336.0,0.43,87.0,287.0,0.303,487.0,1049.0,0.46399999999999997,0.462,381.0,451.0,0.845,66.0,247.0,313.0,264.0,69.0,18.0,204.0,105.0,1616.0,1997.0,2016.0,G-F,6-6,212.0,"August 23, 1978",,15.0,27.862068965517242
Kobe Bryant,2013.0,Kobe Bryant,SG,34.0,LAL,78.0,78.0,3013.0,23.0,0.57,0.255,0.392,2.5,13.1,7.9,29.7,1.8,0.6,13.3,31.9,,8.4,2.6,10.9,0.174,,5.2,-0.5,4.7,5.1,738.0,1595.0,0.46299999999999997,132.0,407.0,0.324,606.0,1188.0,0.51,0.504,525.0,626.0,0.8390000000000001,66.0,367.0,433.0,469.0,106.0,25.0,287.0,173.0,2133.0,1997.0,2016.0,G-F,6-6,212.0,"August 23, 1978",,16.0,27.346153846153847
Kobe Bryant,2014.0,Kobe Bryant,SG,35.0,LAL,6.0,6.0,177.0,10.7,0.505,0.21899999999999997,0.28800000000000003,1.2,14.5,7.8,34.6,1.9,0.4,29.2,28.7,,-0.5,0.1,-0.4,-0.09699999999999999,,-4.7,-1.3,-5.9,-0.2,31.0,73.0,0.425,3.0,16.0,0.188,28.0,57.0,0.491,0.445,18.0,21.0,0.857,2.0,24.0,26.0,38.0,7.0,1.0,34.0,9.0,83.0,1997.0,2016.0,G-F,6-6,212.0,"August 23, 1978",,17.0,13.833333333333334
Kobe Bryant,2015.0,Kobe Bryant,SG,36.0,LAL,35.0,35.0,1207.0,17.6,0.47700000000000004,0.258,0.33799999999999997,2.3,16.5,9.1,29.9,2.0,0.5,13.5,34.9,,-0.4,0.6,0.2,0.006,,1.6,-1.3,0.3,0.7,266.0,713.0,0.373,54.0,184.0,0.293,212.0,529.0,0.401,0.41100000000000003,196.0,241.0,0.813,26.0,173.0,199.0,197.0,47.0,7.0,128.0,65.0,782.0,1997.0,2016.0,G-F,6-6,212.0,"August 23, 1978",,18.0,22.34285714285714
Kobe Bryant,2016.0,Kobe Bryant,SF,37.0,LAL,66.0,66.0,1863.0,14.9,0.469,0.42,0.252,2.3,12.3,7.1,19.1,1.7,0.5,9.4,32.2,,-0.9,0.5,-0.4,-0.01,,0.8,-3.3,-2.5,-0.2,398.0,1113.0,0.358,133.0,467.0,0.285,265.0,646.0,0.41,0.41700000000000004,232.0,281.0,0.826,41.0,206.0,247.0,184.0,62.0,13.0,129.0,115.0,1161.0,1997.0,2016.0,G-F,6-6,212.0,"August 23, 1978",,19.0,17.59090909090909
LeBron James,2004.0,LeBron James,SG,19.0,CLE,79.0,79.0,3122.0,18.3,0.488,0.145,0.308,3.5,11.8,7.6,27.8,2.2,1.3,13.9,28.2,,2.4,2.6,5.1,0.078,,2.2,-0.2,1.9,3.1,622.0,1492.0,0.41700000000000004,63.0,217.0,0.29,559.0,1275.0,0.43799999999999994,0.43799999999999994,347.0,460.0,0.754,99.0,333.0,432.0,465.0,130.0,58.0,273.0,149.0,1654.0,2004.0,2018.0,F-G,6-8,250.0,"December 30, 1984",,0.0,20.936708860759495
LeBron James,2005.0,LeBron James,SF,20.0,CLE,80.0,80.0,3388.0,25.7,0.5539999999999999,0.183,0.37799999999999995,3.8,17.0,10.2,32.9,2.8,1.1,11.8,29.7,,9.7,4.6,14.3,0.203,,6.9,1.5,8.3,8.8,795.0,1684.0,0.47200000000000003,108.0,308.0,0.35100000000000003,687.0,1376.0,0.499,0.504,477.0,636.0,0.75,111.0,477.0,588.0,577.0,177.0,52.0,262.0,146.0,2175.0,2004.0,2018.0,F-G,6-8,250.0,"December 30, 1984",,1.0,27.1875
LeBron James,2006.0,LeBron James,SF,21.0,CLE,79.0,79.0,3361.0,28.1,0.568,0.20800000000000002,0.447,2.6,17.1,9.8,32.8,2.0,1.5,10.7,33.6,,12.0,4.3,16.3,0.23199999999999998,,7.9,1.4,9.3,9.5,875.0,1823.0,0.48,127.0,379.0,0.335,748.0,1444.0,0.518,0.515,601.0,814.0,0.738,75.0,481.0,556.0,521.0,123.0,66.0,260.0,181.0,2478.0,2004.0,2018.0,F-G,6-8,250.0,"December 30, 1984",,2.0,31.367088607594937
LeBron James,2007.0,LeBron James,SF,22.0,CLE,78.0,78.0,3190.0,24.5,0.552,0.191,0.43200000000000005,3.0,16.6,9.6,29.1,2.1,1.3,11.5,31.0,,8.0,5.7,13.7,0.20600000000000002,,5.4,2.0,7.4,7.6,772.0,1621.0,0.47600000000000003,99.0,310.0,0.319,673.0,1311.0,0.513,0.507,489.0,701.0,0.698,83.0,443.0,526.0,470.0,125.0,55.0,250.0,171.0,2132.0,2004.0,2018.0,F-G,6-8,250.0,"December 30, 1984",,3.0,27.333333333333332
LeBron James,2008.0,LeBron James,SF,23.0,CLE,75.0,74.0,3027.0,29.1,0.568,0.21899999999999997,0.47,4.9,17.8,11.1,37.3,2.4,2.1,11.4,33.5,,10.7,4.6,15.2,0.242,,9.0,2.3,11.2,10.1,794.0,1642.0,0.484,113.0,359.0,0.315,681.0,1283.0,0.531,0.518,549.0,771.0,0.7120000000000001,133.0,459.0,592.0,539.0,138.0,81.0,255.0,165.0,2250.0,2004.0,2018.0,F-G,6-8,250.0,"December 30, 1984",,4.0,30.0
LeBron James,2009.0,LeBron James,SF,24.0,CLE,81.0,81.0,3054.0,31.7,0.591,0.23800000000000002,0.47200000000000003,4.3,19.0,11.9,38.0,2.4,2.4,11.0,33.8,,13.7,6.5,20.3,0.318,,9.4,3.6,13.0,11.6,789.0,1613.0,0.489,132.0,384.0,0.344,657.0,1229.0,0.535,0.53,594.0,762.0,0.78,106.0,507.0,613.0,587.0,137.0,93.0,241.0,139.0,2304.0,2004.0,2018.0,F-G,6-8,250.0,"December 30, 1984",,5.0,28.444444444444443
LeBron James,2010.0,LeBron James,SF,25.0,CLE,76.0,76.0,2966.0,31.1,0.604,0.253,0.506,3.0,18.5,11.1,41.8,2.2,2.0,12.3,33.5,,13.3,5.2,18.5,0.299,,9.7,2.8,12.5,10.9,768.0,1528.0,0.503,129.0,387.0,0.33299999999999996,639.0,1141.0,0.56,0.545,593.0,773.0,0.767,71.0,483.0,554.0,651.0,125.0,77.0,261.0,119.0,2258.0,2004.0,2018.0,F-G,6-8,250.0,"December 30, 1984",,6.0,29.710526315789473
LeBron James,2011.0,LeBron James,SF,26.0,MIA,79.0,79.0,3063.0,27.3,0.594,0.188,0.446,3.3,18.7,11.4,34.9,2.1,1.3,13.8,31.5,,10.3,5.3,15.6,0.244,,6.5,2.1,8.6,8.2,758.0,1485.0,0.51,92.0,279.0,0.33,666.0,1206.0,0.552,0.541,503.0,663.0,0.759,80.0,510.0,590.0,554.0,124.0,50.0,284.0,163.0,2111.0,2004.0,2018.0,F-G,6-8,250.0,"December 30, 1984",,7.0,26.72151898734177
LeBron James,2012.0,LeBron James,SF,27.0,MIA,62.0,62.0,2326.0,30.7,0.605,0.127,0.429,5.0,19.7,12.6,33.6,2.6,1.7,13.3,32.0,,10.0,4.5,14.5,0.298,,8.3,2.7,11.0,7.6,621.0,1169.0,0.531,54.0,149.0,0.36200000000000004,567.0,1020.0,0.556,0.5539999999999999,387.0,502.0,0.7709999999999999,94.0,398.0,492.0,387.0,115.0,50.0,213.0,96.0,1683.0,2004.0,2018.0,F-G,6-8,250.0,"December 30, 1984",,8.0,27.14516129032258
LeBron James,2013.0,LeBron James,PF,28.0,MIA,76.0,76.0,2877.0,31.6,0.64,0.188,0.395,4.4,20.8,13.1,36.4,2.4,1.9,12.4,30.2,,14.6,4.7,19.3,0.322,,9.2,2.4,11.6,9.8,765.0,1354.0,0.565,103.0,254.0,0.406,662.0,1100.0,0.602,0.603,403.0,535.0,0.753,97.0,513.0,610.0,551.0,129.0,67.0,226.0,110.0,2036.0,2004.0,2018.0,F-G,6-8,250.0,"December 30, 1984",,9.0,26.789473684210527
LeBron James,2014.0,LeBron James,PF,29.0,MIA,77.0,77.0,2902.0,29.3,0.649,0.226,0.43200000000000005,3.6,18.9,11.5,32.0,2.2,0.8,14.4,31.0,,12.3,3.7,15.9,0.264,,8.0,0.9,8.9,8.0,767.0,1353.0,0.5670000000000001,116.0,306.0,0.379,651.0,1047.0,0.622,0.61,439.0,585.0,0.75,81.0,452.0,533.0,488.0,121.0,26.0,270.0,126.0,2089.0,2004.0,2018.0,F-G,6-8,250.0,"December 30, 1984",,10.0,27.12987012987013
LeBron James,2015.0,LeBron James,SF,30.0,CLE,69.0,69.0,2493.0,25.9,0.5770000000000001,0.265,0.413,2.4,16.6,9.6,38.6,2.3,1.6,15.3,32.3,,7.4,2.9,10.4,0.19899999999999998,,6.2,1.2,7.4,5.9,624.0,1279.0,0.488,120.0,339.0,0.354,504.0,940.0,0.536,0.535,375.0,528.0,0.71,51.0,365.0,416.0,511.0,109.0,49.0,272.0,135.0,1743.0,2004.0,2018.0,F-G,6-8,250.0,"December 30, 1984",,11.0,25.26086956521739
LeBron James,2016.0,LeBron James,SF,31.0,CLE,76.0,76.0,2709.0,27.5,0.588,0.19899999999999998,0.34700000000000003,4.7,18.8,11.8,36.0,2.0,1.5,13.2,31.4,,9.6,4.0,13.6,0.242,,6.9,2.3,9.1,7.6,737.0,1416.0,0.52,87.0,282.0,0.309,650.0,1134.0,0.573,0.551,359.0,491.0,0.731,111.0,454.0,565.0,514.0,104.0,49.0,249.0,143.0,1920.0,2004.0,2018.0,F-G,6-8,250.0,"December 30, 1984",,12.0,25.263157894736842
LeBron James,2017.0,LeBron James,SF,32.0,CLE,74.0,74.0,2794.0,27.0,0.619,0.254,0.395,4.0,20.7,12.6,41.3,1.6,1.3,16.1,30.0,,9.8,3.0,12.9,0.221,,6.8,1.6,8.4,7.3,736.0,1344.0,0.5479999999999999,124.0,342.0,0.363,612.0,1002.0,0.611,0.594,358.0,531.0,0.674,97.0,543.0,640.0,646.0,92.0,44.0,303.0,134.0,1954.0,2004.0,2018.0,F-G,6-8,250.0,"December 30, 1984",,13.0,26.405405405405407
Lou Williams,2006.0,Lou Williams,PG,19.0,PHI,30.0,0.0,145.0,9.0,0.485,0.17300000000000001,0.25,2.4,12.9,7.7,11.6,1.8,0.0,18.4,22.2,,-0.2,0.1,-0.1,-0.036000000000000004,,-5.3,-2.8,-8.1,-0.2,23.0,52.0,0.442,2.0,9.0,0.222,21.0,43.0,0.488,0.462,8.0,13.0,0.615,3.0,16.0,19.0,10.0,5.0,0.0,13.0,13.0,56.0,2006.0,2018.0,G,6-1,175.0,"October 27, 1986",,0.0,1.8666666666666667
Lou Williams,2007.0,Lou Williams,PG,20.0,PHI,61.0,0.0,688.0,14.6,0.521,0.175,0.436,3.0,9.2,6.1,26.5,1.7,0.1,15.5,20.0,,0.6,0.5,1.1,0.078,,-0.6,-2.2,-2.8,-0.1,93.0,211.0,0.441,12.0,37.0,0.324,81.0,174.0,0.466,0.469,64.0,92.0,0.696,17.0,53.0,70.0,110.0,22.0,1.0,46.0,42.0,262.0,2006.0,2018.0,G,6-1,175.0,"October 27, 1986",,1.0,4.295081967213115
Lou Williams,2008.0,Lou Williams,PG,21.0,PHI,80.0,0.0,1862.0,16.7,0.523,0.203,0.386,2.6,8.1,5.3,22.6,2.3,0.6,12.4,24.3,,2.5,1.8,4.4,0.11199999999999999,,1.0,-1.2,-0.2,0.8,319.0,752.0,0.424,55.0,153.0,0.359,264.0,599.0,0.441,0.461,227.0,290.0,0.7829999999999999,41.0,126.0,167.0,253.0,81.0,13.0,125.0,130.0,920.0,2006.0,2018.0,G,6-1,175.0,"October 27, 1986",,2.0,11.5
Lou Williams,2009.0,Lou Williams,SG,22.0,PHI,81.0,0.0,1919.0,16.3,0.513,0.261,0.456,2.2,8.1,5.2,21.6,2.4,0.6,13.0,27.7,,1.6,1.7,3.4,0.085,,0.7,-1.6,-0.9,0.5,336.0,844.0,0.39799999999999996,63.0,220.0,0.28600000000000003,273.0,624.0,0.43799999999999994,0.435,304.0,385.0,0.79,36.0,129.0,165.0,242.0,85.0,14.0,151.0,128.0,1039.0,2006.0,2018.0,G,6-1,175.0,"October 27, 1986",,3.0,12.82716049382716
Lou Williams,2010.0,Lou Williams,PG,23.0,PHI,64.0,38.0,1912.0,18.2,0.5760000000000001,0.304,0.344,1.5,10.1,5.8,22.9,2.2,0.6,12.0,21.1,,4.1,1.1,5.2,0.13,,2.7,-1.6,1.1,1.5,318.0,677.0,0.47,70.0,206.0,0.34,248.0,471.0,0.527,0.521,192.0,233.0,0.8240000000000001,25.0,162.0,187.0,268.0,80.0,15.0,106.0,110.0,898.0,2006.0,2018.0,G,6-1,175.0,"October 27, 1986",,4.0,14.03125
Lou Williams,2011.0,Lou Williams,SG,24.0,PHI,75.0,0.0,1747.0,18.9,0.54,0.318,0.44799999999999995,2.1,7.7,4.9,24.1,1.4,0.7,9.7,27.8,,3.5,1.6,5.1,0.141,,2.9,-2.5,0.4,1.0,323.0,795.0,0.406,88.0,253.0,0.348,235.0,542.0,0.434,0.462,293.0,356.0,0.823,32.0,117.0,149.0,252.0,47.0,17.0,102.0,128.0,1027.0,2006.0,2018.0,G,6-1,175.0,"October 27, 1986",,5.0,13.693333333333333
Lou Williams,2012.0,Lou Williams,PG,25.0,PHI,64.0,0.0,1682.0,20.2,0.525,0.293,0.373,2.0,8.3,5.1,22.4,1.7,0.8,7.2,27.4,,3.9,2.2,6.1,0.174,,3.4,-1.5,1.9,1.7,318.0,782.0,0.40700000000000003,83.0,229.0,0.36200000000000004,235.0,553.0,0.425,0.46,237.0,292.0,0.812,30.0,125.0,155.0,221.0,53.0,18.0,71.0,90.0,956.0,2006.0,2018.0,G,6-1,175.0,"October 27, 1986",,6.0,14.9375
Lou Williams,2013.0,Lou Williams,SG,26.0,ATL,39.0,9.0,1119.0,15.9,0.555,0.442,0.273,0.8,7.3,4.1,20.4,2.0,0.7,13.0,23.6,,1.4,1.0,2.4,0.10300000000000001,,1.2,-1.7,-0.5,0.4,187.0,443.0,0.42200000000000004,72.0,196.0,0.36700000000000005,115.0,247.0,0.466,0.503,105.0,121.0,0.868,8.0,72.0,80.0,139.0,44.0,10.0,74.0,55.0,551.0,2006.0,2018.0,G,6-1,175.0,"October 27, 1986",,7.0,14.128205128205128
Lou Williams,2014.0,Lou Williams,PG,27.0,ATL,60.0,7.0,1445.0,14.2,0.547,0.469,0.363,0.8,9.1,5.0,22.9,1.6,0.2,13.9,20.9,,1.6,1.0,2.6,0.087,,0.3,-2.1,-1.8,0.1,197.0,493.0,0.4,79.0,231.0,0.342,118.0,262.0,0.45,0.48,152.0,179.0,0.8490000000000001,10.0,114.0,124.0,210.0,45.0,4.0,92.0,65.0,625.0,2006.0,2018.0,G,6-1,175.0,"October 27, 1986",,8.0,10.416666666666666
Lou Williams,2015.0,Lou Williams,SG,28.0,TOR,80.0,0.0,2016.0,19.9,0.564,0.48200000000000004,0.426,1.4,7.3,4.3,13.6,2.3,0.4,8.4,27.0,,5.4,1.1,6.6,0.157,,4.0,-3.1,0.9,1.5,375.0,928.0,0.40399999999999997,152.0,447.0,0.34,223.0,481.0,0.46399999999999997,0.486,340.0,395.0,0.861,24.0,127.0,151.0,164.0,88.0,10.0,101.0,103.0,1242.0,2006.0,2018.0,G,6-1,175.0,"October 27, 1986",,9.0,15.525
Lou Williams,2016.0,Lou Williams,SG,29.0,LAL,67.0,35.0,1907.0,17.7,0.584,0.462,0.612,1.7,8.1,4.8,15.1,1.6,0.8,10.8,22.8,,4.5,0.3,4.7,0.11900000000000001,,3.0,-2.7,0.3,1.1,283.0,693.0,0.408,110.0,320.0,0.344,173.0,373.0,0.46399999999999997,0.488,352.0,424.0,0.83,31.0,138.0,169.0,167.0,62.0,19.0,107.0,107.0,1028.0,2006.0,2018.0,G,6-1,175.0,"October 27, 1986",,10.0,15.343283582089553
Lou Williams,2017.0,Lou Williams,SG,30.0,TOT,81.0,1.0,1994.0,21.4,0.593,0.447,0.45799999999999996,1.4,9.9,5.5,19.9,1.9,0.8,11.8,29.1,,5.1,1.0,6.1,0.147,,3.7,-3.0,0.8,1.4,428.0,998.0,0.429,163.0,446.0,0.365,265.0,552.0,0.48,0.511,402.0,457.0,0.88,26.0,176.0,202.0,239.0,80.0,19.0,160.0,92.0,1421.0,2006.0,2018.0,G,6-1,175.0,"October 27, 1986",,11.0,17.54320987654321
Lou Williams,2017.0,Lou Williams,SG,30.0,LAL,58.0,1.0,1403.0,23.9,0.609,0.43200000000000005,0.469,1.1,9.5,5.1,22.3,2.3,0.6,11.9,30.6,,4.3,0.6,4.9,0.16899999999999998,,5.4,-3.2,2.2,1.5,326.0,734.0,0.444,122.0,317.0,0.385,204.0,417.0,0.489,0.527,304.0,344.0,0.884,14.0,118.0,132.0,183.0,65.0,10.0,120.0,67.0,1078.0,2006.0,2018.0,G,6-1,175.0,"October 27, 1986",,11.0,18.586206896551722
Lou Williams,2017.0,Lou Williams,SG,30.0,HOU,23.0,0.0,591.0,15.4,0.547,0.489,0.428,2.2,10.7,6.5,14.3,1.2,1.2,11.3,25.3,,0.8,0.4,1.2,0.096,,-0.1,-2.5,-2.6,-0.1,102.0,264.0,0.386,41.0,129.0,0.318,61.0,135.0,0.452,0.46399999999999997,98.0,113.0,0.867,12.0,58.0,70.0,56.0,15.0,9.0,40.0,25.0,343.0,2006.0,2018.0,G,6-1,175.0,"October 27, 1986",,11.0,14.91304347826087
Ray Allen,1997.0,Ray Allen,SG,21.0,MIL,82.0,81.0,2532.0,14.6,0.541,0.32799999999999996,0.27399999999999997,4.7,11.0,7.9,13.9,1.6,0.3,12.8,21.4,,3.3,1.5,4.9,0.092,,1.6,-1.2,0.3,1.5,390.0,908.0,0.43,117.0,298.0,0.39299999999999996,273.0,610.0,0.44799999999999995,0.494,205.0,249.0,0.823,97.0,229.0,326.0,210.0,75.0,10.0,149.0,218.0,1102.0,1997.0,2014.0,G,6-5,205.0,"July 20, 1975",University of Connecticut,0.0,13.439024390243903
Ray Allen,1998.0,Ray Allen,SG,22.0,MIL,82.0,82.0,3287.0,16.2,0.539,0.28,0.297,4.7,10.4,7.5,19.3,1.8,0.3,15.0,24.3,,4.7,2.3,7.0,0.102,,2.6,-0.8,1.8,3.2,563.0,1315.0,0.428,134.0,368.0,0.364,429.0,947.0,0.45299999999999996,0.479,342.0,391.0,0.875,127.0,278.0,405.0,356.0,111.0,12.0,263.0,244.0,1602.0,1997.0,2014.0,G,6-5,205.0,"July 20, 1975",University of Connecticut,1.0,19.536585365853657
Ray Allen,1999.0,Ray Allen,SG,23.0,MIL,50.0,50.0,1719.0,18.9,0.564,0.309,0.29,4.1,10.7,7.4,18.8,1.7,0.3,13.9,24.5,,4.2,1.1,5.2,0.146,,4.2,-1.3,2.9,2.1,303.0,673.0,0.45,74.0,208.0,0.35600000000000004,229.0,465.0,0.49200000000000005,0.505,176.0,195.0,0.903,57.0,155.0,212.0,178.0,53.0,7.0,122.0,117.0,856.0,1997.0,2014.0,G,6-5,205.0,"July 20, 1975",University of Connecticut,2.0,17.12
Ray Allen,2000.0,Ray Allen,SG,24.0,MIL,82.0,82.0,3070.0,20.6,0.57,0.28800000000000003,0.282,3.2,10.5,6.8,17.0,1.9,0.5,10.3,25.6,,9.0,1.0,10.1,0.157,,5.0,-2.0,3.0,3.9,642.0,1411.0,0.455,172.0,407.0,0.423,470.0,1004.0,0.46799999999999997,0.516,353.0,398.0,0.887,83.0,276.0,359.0,308.0,110.0,19.0,183.0,187.0,1809.0,1997.0,2014.0,G,6-5,205.0,"July 20, 1975",University of Connecticut,3.0,22.0609756097561
Ray Allen,2001.0,Ray Allen,SG,25.0,MIL,82.0,82.0,3129.0,22.9,0.61,0.35700000000000004,0.299,3.7,11.8,7.8,20.4,2.1,0.5,12.1,24.4,,11.5,2.2,13.7,0.21100000000000002,,6.5,-0.9,5.6,6.0,628.0,1309.0,0.48,202.0,467.0,0.433,426.0,842.0,0.506,0.557,348.0,392.0,0.888,101.0,327.0,428.0,374.0,124.0,20.0,204.0,192.0,1806.0,1997.0,2014.0,G,6-5,205.0,"July 20, 1975",University of Connecticut,4.0,22.024390243902438
Ray Allen,2002.0,Ray Allen,SG,26.0,MIL,69.0,67.0,2525.0,21.6,0.598,0.46,0.213,3.9,10.1,7.1,19.4,1.9,0.5,11.2,26.2,,7.6,1.3,8.9,0.16899999999999998,,6.4,-2.2,4.3,4.0,530.0,1148.0,0.462,229.0,528.0,0.434,301.0,620.0,0.485,0.561,214.0,245.0,0.873,81.0,231.0,312.0,271.0,88.0,18.0,159.0,157.0,1503.0,1997.0,2014.0,G,6-5,205.0,"July 20, 1975",University of Connecticut,5.0,21.782608695652176
Ray Allen,2003.0,Ray Allen,SG,27.0,TOT,76.0,75.0,2880.0,21.3,0.565,0.391,0.253,3.8,11.8,7.8,21.6,1.9,0.4,11.6,27.8,,7.6,1.5,9.1,0.152,,5.6,-1.8,3.7,4.2,598.0,1363.0,0.439,201.0,533.0,0.377,397.0,830.0,0.478,0.512,316.0,345.0,0.9159999999999999,94.0,287.0,381.0,334.0,103.0,14.0,198.0,220.0,1713.0,1997.0,2014.0,G,6-5,205.0,"July 20, 1975",University of Connecticut,6.0,22.539473684210527
Ray Allen,2003.0,Ray Allen,SG,27.0,MIL,47.0,46.0,1683.0,19.9,0.564,0.387,0.243,3.1,12.1,7.6,17.5,1.8,0.5,11.6,27.8,,3.8,0.5,4.3,0.12300000000000001,,4.5,-2.6,1.9,1.6,351.0,803.0,0.43700000000000006,123.0,311.0,0.395,228.0,492.0,0.46299999999999997,0.514,178.0,195.0,0.9129999999999999,45.0,173.0,218.0,164.0,57.0,11.0,117.0,149.0,1003.0,1997.0,2014.0,G,6-5,205.0,"July 20, 1975",University of Connecticut,6.0,21.340425531914892
Ray Allen,2003.0,Ray Allen,SG,27.0,SEA,29.0,29.0,1197.0,23.3,0.5670000000000001,0.396,0.268,4.7,11.4,8.0,27.3,2.1,0.2,11.5,27.7,,3.8,1.0,4.8,0.193,,7.1,-0.7,6.4,2.5,247.0,560.0,0.441,78.0,222.0,0.35100000000000003,169.0,338.0,0.5,0.511,138.0,150.0,0.92,49.0,114.0,163.0,170.0,46.0,3.0,81.0,71.0,710.0,1997.0,2014.0,G,6-5,205.0,"July 20, 1975",University of Connecticut,6.0,24.482758620689655
Ray Allen,2004.0,Ray Allen,SG,28.0,SEA,56.0,56.0,2152.0,21.7,0.5660000000000001,0.37200000000000005,0.266,3.8,11.8,7.8,23.3,1.8,0.4,12.1,27.8,,6.5,0.4,6.9,0.153,,5.9,-1.8,4.0,3.3,447.0,1017.0,0.44,148.0,378.0,0.392,299.0,639.0,0.46799999999999997,0.512,245.0,271.0,0.904,69.0,217.0,286.0,268.0,71.0,11.0,156.0,132.0,1287.0,1997.0,2014.0,G,6-5,205.0,"July 20, 1975",University of Connecticut,7.0,22.982142857142858
Ray Allen,2005.0,Ray Allen,SG,29.0,SEA,78.0,78.0,3064.0,20.9,0.555,0.37200000000000005,0.28600000000000003,3.2,10.7,6.9,18.1,1.5,0.1,9.2,28.0,,9.7,1.0,10.7,0.168,,5.6,-1.9,3.7,4.4,640.0,1494.0,0.428,209.0,556.0,0.376,431.0,938.0,0.45899999999999996,0.498,378.0,428.0,0.883,79.0,268.0,347.0,289.0,84.0,5.0,171.0,167.0,1867.0,1997.0,2014.0,G,6-5,205.0,"July 20, 1975",University of Connecticut,8.0,23.935897435897434
Ray Allen,2006.0,Ray Allen,SG,30.0,SEA,78.0,78.0,3022.0,22.2,0.59,0.435,0.239,2.8,10.6,6.6,17.2,1.8,0.4,10.2,27.4,,9.8,-0.3,9.5,0.15,,6.7,-3.1,3.6,4.2,681.0,1500.0,0.45399999999999996,269.0,653.0,0.41200000000000003,412.0,847.0,0.486,0.544,324.0,359.0,0.903,71.0,261.0,332.0,286.0,105.0,16.0,188.0,151.0,1955.0,1997.0,2014.0,G,6-5,205.0,"July 20, 1975",University of Connecticut,9.0,25.064102564102566
Ray Allen,2007.0,Ray Allen,SG,31.0,SEA,55.0,55.0,2219.0,21.6,0.564,0.384,0.268,3.1,10.4,6.7,19.0,1.9,0.4,10.7,29.5,,5.4,0.9,6.3,0.136,,5.4,-2.1,3.4,3.0,505.0,1153.0,0.43799999999999994,165.0,443.0,0.37200000000000005,340.0,710.0,0.479,0.51,279.0,309.0,0.903,57.0,190.0,247.0,228.0,82.0,11.0,154.0,113.0,1454.0,1997.0,2014.0,G,6-5,205.0,"July 20, 1975",University of Connecticut,10.0,26.436363636363637
Ray Allen,2008.0,Ray Allen,SG,32.0,BOS,73.0,73.0,2624.0,16.4,0.584,0.45799999999999996,0.24,3.6,8.3,6.1,14.6,1.3,0.5,10.4,21.6,,5.6,4.1,9.7,0.177,,3.2,-0.1,3.1,3.4,439.0,986.0,0.445,180.0,452.0,0.39799999999999996,259.0,534.0,0.485,0.537,215.0,237.0,0.907,75.0,193.0,268.0,225.0,65.0,16.0,127.0,147.0,1273.0,1997.0,2014.0,G,6-5,205.0,"July 20, 1975",University of Connecticut,11.0,17.438356164383563
Ray Allen,2009.0,Ray Allen,SG,33.0,BOS,79.0,79.0,2876.0,17.3,0.624,0.467,0.239,2.9,8.6,5.9,12.6,1.3,0.4,10.4,20.8,,7.4,3.7,11.1,0.18600000000000003,,4.3,-0.3,3.9,4.3,499.0,1040.0,0.48,199.0,486.0,0.409,300.0,554.0,0.542,0.575,237.0,249.0,0.9520000000000001,66.0,212.0,278.0,218.0,69.0,13.0,134.0,157.0,1434.0,1997.0,2014.0,G,6-5,205.0,"July 20, 1975",University of Connecticut,12.0,18.151898734177216
Ray Allen,2010.0,Ray Allen,SG,34.0,BOS,80.0,80.0,2819.0,15.2,0.601,0.41,0.26,2.0,8.8,5.5,12.3,1.2,0.7,10.6,20.2,,5.1,2.9,7.9,0.135,,2.3,-0.7,1.7,2.6,464.0,973.0,0.47700000000000004,145.0,399.0,0.363,319.0,574.0,0.556,0.551,231.0,253.0,0.9129999999999999,45.0,208.0,253.0,210.0,64.0,25.0,129.0,182.0,1304.0,1997.0,2014.0,G,6-5,205.0,"July 20, 1975",University of Connecticut,13.0,16.3
Ray Allen,2011.0,Ray Allen,SG,35.0,BOS,80.0,80.0,2890.0,16.4,0.615,0.387,0.22399999999999998,2.3,9.0,5.8,12.7,1.4,0.4,9.8,19.8,,5.8,4.2,10.0,0.166,,3.2,0.4,3.6,4.1,480.0,978.0,0.491,168.0,378.0,0.444,312.0,600.0,0.52,0.5770000000000001,193.0,219.0,0.8809999999999999,51.0,223.0,274.0,219.0,77.0,16.0,117.0,147.0,1321.0,1997.0,2014.0,G,6-5,205.0,"July 20, 1975",University of Connecticut,14.0,16.5125
Ray Allen,2012.0,Ray Allen,SG,36.0,BOS,46.0,42.0,1565.0,14.8,0.607,0.475,0.215,1.1,9.2,5.3,11.8,1.7,0.4,11.2,18.6,,2.5,2.2,4.7,0.145,,2.4,0.3,2.6,1.8,226.0,493.0,0.45799999999999996,106.0,234.0,0.45299999999999996,120.0,259.0,0.46299999999999997,0.5660000000000001,97.0,106.0,0.915,14.0,128.0,142.0,109.0,49.0,8.0,68.0,83.0,655.0,1997.0,2014.0,G,6-5,205.0,"July 20, 1975",University of Connecticut,15.0,14.23913043478261
Ray Allen,2013.0,Ray Allen,SG,37.0,MIA,79.0,0.0,2035.0,14.7,0.599,0.51,0.243,2.6,10.1,6.6,10.2,1.7,0.6,12.5,19.3,,3.4,1.9,5.4,0.126,,1.7,-1.5,0.2,1.1,292.0,651.0,0.449,139.0,332.0,0.419,153.0,319.0,0.48,0.555,140.0,158.0,0.8859999999999999,40.0,177.0,217.0,135.0,67.0,15.0,103.0,129.0,863.0,1997.0,2014.0,G,6-5,205.0,"July 20, 1975",University of Connecticut,16.0,10.924050632911392
Ray Allen,2014.0,Ray Allen,SG,38.0,MIA,73.0,9.0,1936.0,12.8,0.59,0.569,0.214,1.6,11.4,6.7,11.1,1.5,0.4,12.4,16.8,,2.5,1.5,4.1,0.10099999999999999,,1.3,-1.2,0.1,1.0,240.0,543.0,0.442,116.0,309.0,0.375,124.0,234.0,0.53,0.5489999999999999,105.0,116.0,0.905,23.0,182.0,205.0,143.0,54.0,8.0,84.0,115.0,701.0,1997.0,2014.0,G,6-5,205.0,"July 20, 1975",University of Connecticut,17.0,9.602739726027398
Tim Duncan,1998.0,Tim Duncan,PF,21.0,SAS,82.0,82.0,3204.0,22.6,0.5770000000000001,0.008,0.375,10.5,23.8,17.6,13.7,0.9,4.5,15.7,26.0,,5.6,7.2,12.8,0.192,,1.8,3.7,5.5,6.0,706.0,1287.0,0.5489999999999999,0.0,10.0,0.0,706.0,1277.0,0.5529999999999999,0.5489999999999999,319.0,482.0,0.662,274.0,703.0,977.0,224.0,55.0,206.0,279.0,254.0,1731.0,1998.0,2016.0,F-C,6-11,250.0,"April 25, 1976",Wake Forest University,0.0,21.109756097560975
Tim Duncan,1999.0,Tim Duncan,PF,22.0,SAS,50.0,50.0,1963.0,23.2,0.541,0.008,0.424,9.7,22.2,16.3,12.1,1.2,4.4,12.7,27.2,,4.0,4.7,8.7,0.213,,1.5,3.4,4.9,3.4,418.0,845.0,0.495,1.0,7.0,0.14300000000000002,417.0,838.0,0.498,0.495,247.0,358.0,0.69,159.0,412.0,571.0,121.0,45.0,126.0,146.0,147.0,1084.0,1998.0,2016.0,F-C,6-11,250.0,"April 25, 1976",Wake Forest University,1.0,21.68
Tim Duncan,2000.0,Tim Duncan,PF,23.0,SAS,74.0,74.0,2875.0,24.8,0.555,0.009000000000000001,0.47100000000000003,10.8,24.8,18.1,15.5,1.2,4.0,13.5,28.7,,6.7,6.4,13.0,0.218,,2.6,3.5,6.1,5.9,628.0,1281.0,0.49,1.0,11.0,0.091,627.0,1270.0,0.494,0.491,459.0,603.0,0.7609999999999999,262.0,656.0,918.0,234.0,66.0,165.0,242.0,210.0,1716.0,1998.0,2016.0,F-C,6-11,250.0,"April 25, 1976",Wake Forest University,2.0,23.18918918918919
Tim Duncan,2001.0,Tim Duncan,PF,24.0,SAS,82.0,82.0,3174.0,23.8,0.536,0.019,0.47100000000000003,9.7,25.1,17.8,15.3,1.2,4.2,12.5,28.7,,6.2,7.1,13.2,0.2,,1.8,3.6,5.4,5.9,702.0,1406.0,0.499,7.0,27.0,0.259,695.0,1379.0,0.504,0.502,409.0,662.0,0.618,259.0,738.0,997.0,245.0,70.0,192.0,242.0,247.0,1820.0,1998.0,2016.0,F-C,6-11,250.0,"April 25, 1976",Wake Forest University,3.0,22.195121951219512
Tim Duncan,2002.0,Tim Duncan,PF,25.0,SAS,82.0,82.0,3329.0,27.0,0.5760000000000001,0.006999999999999999,0.466,9.6,25.9,18.0,18.3,1.0,4.3,12.7,29.0,,10.7,7.1,17.8,0.257,,3.9,3.8,7.6,8.1,764.0,1504.0,0.508,1.0,10.0,0.1,763.0,1494.0,0.511,0.508,560.0,701.0,0.799,268.0,774.0,1042.0,307.0,61.0,203.0,263.0,217.0,2089.0,1998.0,2016.0,F-C,6-11,250.0,"April 25, 1976",Wake Forest University,4.0,25.475609756097562
Tim Duncan,2003.0,Tim Duncan,PF,26.0,SAS,81.0,81.0,3181.0,26.9,0.564,0.016,0.455,9.9,27.3,19.0,19.5,0.9,5.2,12.9,28.0,,9.5,6.9,16.5,0.248,,3.3,4.2,7.4,7.6,714.0,1392.0,0.513,6.0,22.0,0.273,708.0,1370.0,0.517,0.515,450.0,634.0,0.71,259.0,784.0,1043.0,316.0,55.0,237.0,248.0,231.0,1884.0,1998.0,2016.0,F-C,6-11,250.0,"April 25, 1976",Wake Forest University,5.0,23.25925925925926
Tim Duncan,2004.0,Tim Duncan,PF,27.0,SAS,69.0,68.0,2527.0,27.1,0.534,0.01,0.498,10.2,27.6,19.0,17.4,1.3,5.3,11.3,29.7,,5.9,7.2,13.1,0.249,,2.4,4.9,7.3,5.9,592.0,1181.0,0.501,2.0,12.0,0.16699999999999998,590.0,1169.0,0.505,0.502,352.0,588.0,0.599,227.0,632.0,859.0,213.0,62.0,185.0,183.0,164.0,1538.0,1998.0,2016.0,F-C,6-11,250.0,"April 25, 1976",Wake Forest University,6.0,22.28985507246377
Tim Duncan,2005.0,Tim Duncan,PF,28.0,SAS,66.0,66.0,2203.0,27.0,0.54,0.009000000000000001,0.43700000000000006,10.7,28.2,19.4,16.1,1.1,5.7,9.3,28.9,,5.5,5.7,11.2,0.245,,1.9,4.5,6.4,4.7,517.0,1042.0,0.496,3.0,9.0,0.33299999999999996,514.0,1033.0,0.498,0.498,305.0,455.0,0.67,202.0,530.0,732.0,179.0,45.0,174.0,127.0,144.0,1342.0,1998.0,2016.0,F-C,6-11,250.0,"April 25, 1976",Wake Forest University,7.0,20.333333333333332
Tim Duncan,2006.0,Tim Duncan,PF,29.0,SAS,80.0,80.0,2784.0,23.1,0.523,0.004,0.45,10.1,26.9,18.7,16.5,1.4,4.2,12.2,27.7,,3.9,6.9,10.8,0.187,,0.2,4.3,4.6,4.6,574.0,1185.0,0.484,2.0,5.0,0.4,572.0,1180.0,0.485,0.485,335.0,533.0,0.629,231.0,650.0,881.0,253.0,70.0,162.0,198.0,219.0,1485.0,1998.0,2016.0,F-C,6-11,250.0,"April 25, 1976",Wake Forest University,8.0,18.5625
Tim Duncan,2007.0,Tim Duncan,C,30.0,SAS,80.0,80.0,2726.0,26.1,0.579,0.008,0.502,9.8,27.0,18.8,18.8,1.3,5.1,14.0,27.9,,6.3,6.8,13.0,0.23,,2.0,5.1,7.1,6.3,618.0,1131.0,0.546,1.0,9.0,0.111,617.0,1122.0,0.55,0.547,362.0,568.0,0.637,213.0,633.0,846.0,273.0,66.0,190.0,224.0,203.0,1599.0,1998.0,2016.0,F-C,6-11,250.0,"April 25, 1976",Wake Forest University,9.0,19.9875
Tim Duncan,2008.0,Tim Duncan,C,31.0,SAS,78.0,78.0,2651.0,24.4,0.546,0.003,0.39299999999999996,10.7,28.3,19.6,15.7,1.1,4.3,11.4,28.2,,4.9,6.2,11.1,0.201,,0.7,4.1,4.7,4.5,585.0,1178.0,0.49700000000000005,0.0,4.0,0.0,585.0,1174.0,0.498,0.49700000000000005,338.0,463.0,0.73,237.0,644.0,881.0,218.0,56.0,152.0,178.0,185.0,1508.0,1998.0,2016.0,F-C,6-11,250.0,"April 25, 1976",Wake Forest University,10.0,19.333333333333332
Tim Duncan,2009.0,Tim Duncan,C,32.0,SAS,75.0,75.0,2524.0,24.4,0.5489999999999999,0.002,0.436,9.6,27.9,18.9,19.3,0.8,3.7,11.1,28.5,,5.0,5.0,10.1,0.191,,1.1,3.5,4.6,4.2,558.0,1107.0,0.504,0.0,2.0,0.0,558.0,1105.0,0.505,0.504,334.0,483.0,0.6920000000000001,201.0,599.0,800.0,264.0,38.0,126.0,165.0,173.0,1450.0,1998.0,2016.0,F-C,6-11,250.0,"April 25, 1976",Wake Forest University,11.0,19.333333333333332
Tim Duncan,2010.0,Tim Duncan,C,33.0,SAS,78.0,77.0,2438.0,24.7,0.56,0.01,0.34600000000000003,10.8,26.8,18.9,17.8,1.0,3.5,10.1,26.0,,6.4,4.5,10.9,0.215,,2.4,3.2,5.6,4.7,561.0,1082.0,0.518,2.0,11.0,0.182,559.0,1071.0,0.522,0.519,271.0,374.0,0.725,221.0,567.0,788.0,246.0,45.0,117.0,140.0,152.0,1395.0,1998.0,2016.0,F-C,6-11,250.0,"April 25, 1976",Wake Forest University,12.0,17.884615384615383
Tim Duncan,2011.0,Tim Duncan,C,34.0,SAS,76.0,76.0,2156.0,21.9,0.537,0.005,0.307,9.3,26.8,18.3,15.7,1.2,4.8,11.4,22.9,,3.7,4.0,7.7,0.171,,-0.1,3.9,3.8,3.2,419.0,838.0,0.5,0.0,4.0,0.0,419.0,834.0,0.502,0.5,184.0,257.0,0.716,169.0,509.0,678.0,203.0,50.0,146.0,122.0,119.0,1022.0,1998.0,2016.0,F-C,6-11,250.0,"April 25, 1976",Wake Forest University,13.0,13.447368421052632
Tim Duncan,2012.0,Tim Duncan,C,35.0,SAS,58.0,58.0,1634.0,22.5,0.531,0.005,0.34,7.9,28.2,18.3,13.5,1.2,3.9,10.3,26.2,,3.0,2.9,5.9,0.174,,-0.2,2.6,2.4,1.8,361.0,733.0,0.49200000000000005,0.0,4.0,0.0,361.0,729.0,0.495,0.49200000000000005,173.0,249.0,0.695,110.0,410.0,520.0,132.0,38.0,88.0,97.0,98.0,895.0,1998.0,2016.0,F-C,6-11,250.0,"April 25, 1976",Wake Forest University,14.0,15.431034482758621
Tim Duncan,2013.0,Tim Duncan,C,36.0,SAS,69.0,69.0,2078.0,24.4,0.5539999999999999,0.006999999999999999,0.307,7.3,29.6,19.1,15.5,1.2,6.4,11.7,27.8,,3.4,4.9,8.3,0.191,,-0.5,4.6,4.1,3.2,490.0,976.0,0.502,2.0,7.0,0.28600000000000003,488.0,969.0,0.504,0.503,245.0,300.0,0.8170000000000001,124.0,562.0,686.0,184.0,50.0,183.0,147.0,117.0,1227.0,1998.0,2016.0,F-C,6-11,250.0,"April 25, 1976",Wake Forest University,15.0,17.782608695652176
Tim Duncan,2014.0,Tim Duncan,C,37.0,SAS,74.0,74.0,2158.0,21.3,0.535,0.006,0.349,8.6,28.3,18.8,16.0,1.0,4.6,13.2,25.2,,2.8,4.6,7.4,0.16399999999999998,,-0.9,4.0,3.2,2.8,444.0,906.0,0.49,0.0,5.0,0.0,444.0,901.0,0.493,0.49,231.0,316.0,0.731,158.0,563.0,721.0,220.0,43.0,139.0,159.0,134.0,1119.0,1998.0,2016.0,F-C,6-11,250.0,"April 25, 1976",Wake Forest University,16.0,15.121621621621621
Tim Duncan,2015.0,Tim Duncan,C,38.0,SAS,77.0,77.0,2227.0,22.6,0.56,0.009000000000000001,0.38,8.8,26.7,17.9,16.8,1.4,5.1,12.1,22.2,,4.9,4.7,9.6,0.207,,0.8,4.7,5.5,4.2,419.0,819.0,0.512,2.0,7.0,0.28600000000000003,417.0,812.0,0.514,0.513,230.0,311.0,0.74,170.0,534.0,704.0,230.0,63.0,151.0,131.0,165.0,1070.0,1998.0,2016.0,F-C,6-11,250.0,"April 25, 1976",Wake Forest University,17.0,13.896103896103897
Tim Duncan,2016.0,Tim Duncan,C,39.0,SAS,61.0,60.0,1536.0,16.9,0.523,0.005,0.297,8.8,23.8,16.6,15.3,1.6,3.9,15.3,17.6,,1.6,3.6,5.2,0.163,,-0.8,5.0,4.1,2.4,215.0,441.0,0.488,0.0,2.0,0.0,215.0,439.0,0.49,0.488,92.0,131.0,0.7020000000000001,115.0,332.0,447.0,163.0,47.0,78.0,90.0,125.0,522.0,1998.0,2016.0,F-C,6-11,250.0,"April 25, 1976",Wake Forest University,18.0,8.557377049180328
Tracy McGrady,1998.0,Tracy McGrady,SF,18.0,TOR,64.0,17.0,1179.0,17.4,0.505,0.10300000000000001,0.27899999999999997,9.6,16.2,12.8,14.0,2.2,3.6,12.9,19.1,,1.3,0.7,2.0,0.081,,-0.5,0.0,-0.5,0.5,179.0,398.0,0.45,14.0,41.0,0.341,165.0,357.0,0.462,0.467,79.0,111.0,0.7120000000000001,105.0,164.0,269.0,98.0,49.0,61.0,66.0,86.0,451.0,1998.0,2012.0,F-G,6-8,210.0,"May 24, 1979",,0.0,7.046875
Tracy McGrady,1999.0,Tracy McGrady,SF,19.0,TOR,49.0,2.0,1106.0,20.6,0.504,0.091,0.408,12.4,16.7,14.6,19.1,2.5,4.5,15.0,21.9,,1.8,1.4,3.3,0.14300000000000002,,1.8,2.2,4.0,1.7,168.0,385.0,0.436,8.0,35.0,0.22899999999999998,160.0,350.0,0.457,0.447,114.0,157.0,0.726,120.0,158.0,278.0,113.0,52.0,66.0,80.0,94.0,458.0,1998.0,2012.0,F-G,6-8,210.0,"May 24, 1979",,1.0,9.346938775510203
Tracy McGrady,2000.0,Tracy McGrady,SF,20.0,TOR,79.0,34.0,2462.0,20.0,0.509,0.064,0.385,8.3,14.7,11.4,18.8,1.9,4.3,11.8,24.3,,3.7,2.9,6.6,0.129,,1.3,1.9,3.2,3.2,459.0,1018.0,0.451,18.0,65.0,0.27699999999999997,441.0,953.0,0.46299999999999997,0.46,277.0,392.0,0.7070000000000001,188.0,313.0,501.0,263.0,90.0,151.0,160.0,201.0,1213.0,1998.0,2012.0,F-G,6-8,210.0,"May 24, 1979",,2.0,15.354430379746836
Tracy McGrady,2001.0,Tracy McGrady,SG,21.0,ORL,77.0,77.0,3087.0,24.9,0.521,0.096,0.34,6.7,14.3,10.4,22.8,1.9,2.8,9.1,31.2,,8.3,3.9,12.2,0.18899999999999997,,4.7,0.9,5.6,5.9,788.0,1724.0,0.457,59.0,166.0,0.355,729.0,1558.0,0.46799999999999997,0.474,430.0,587.0,0.733,192.0,388.0,580.0,352.0,116.0,118.0,198.0,160.0,2065.0,1998.0,2012.0,F-G,6-8,210.0,"May 24, 1979",,3.0,26.818181818181817
Tracy McGrady,2002.0,Tracy McGrady,SG,22.0,ORL,76.0,76.0,2912.0,25.1,0.532,0.17800000000000002,0.35,5.7,17.3,11.5,25.8,2.1,1.8,9.4,31.1,,8.1,3.4,11.5,0.18899999999999997,,5.2,0.8,6.0,5.9,715.0,1586.0,0.451,103.0,283.0,0.364,612.0,1303.0,0.47,0.483,415.0,555.0,0.748,150.0,447.0,597.0,400.0,119.0,73.0,189.0,139.0,1948.0,1998.0,2012.0,F-G,6-8,210.0,"May 24, 1979",,4.0,25.63157894736842
Tracy McGrady,2003.0,Tracy McGrady,SG,23.0,ORL,75.0,74.0,2954.0,30.3,0.564,0.247,0.4,4.6,14.6,9.5,30.0,2.2,1.5,8.4,35.2,,13.2,2.9,16.1,0.262,,9.8,-0.1,9.7,8.7,829.0,1813.0,0.457,173.0,448.0,0.386,656.0,1365.0,0.48100000000000004,0.505,576.0,726.0,0.7929999999999999,121.0,367.0,488.0,411.0,124.0,59.0,195.0,156.0,2407.0,1998.0,2012.0,F-G,6-8,210.0,"May 24, 1979",,5.0,32.093333333333334
Tracy McGrady,2004.0,Tracy McGrady,SG,24.0,ORL,67.0,67.0,2675.0,25.3,0.526,0.32799999999999996,0.319,3.9,13.3,8.5,28.3,1.8,1.1,9.1,33.2,,8.1,0.4,8.4,0.151,,7.9,-2.1,5.8,5.3,653.0,1566.0,0.41700000000000004,174.0,513.0,0.33899999999999997,479.0,1053.0,0.455,0.473,398.0,500.0,0.7959999999999999,95.0,307.0,402.0,370.0,93.0,42.0,179.0,129.0,1878.0,1998.0,2012.0,F-G,6-8,210.0,"May 24, 1979",,6.0,28.029850746268657
Tracy McGrady,2005.0,Tracy McGrady,SF,25.0,HOU,78.0,78.0,3182.0,22.9,0.526,0.262,0.336,2.7,14.8,8.9,28.6,2.3,1.3,9.5,31.2,,6.5,5.4,12.0,0.18,,4.9,1.9,6.8,7.0,715.0,1660.0,0.431,142.0,435.0,0.326,573.0,1225.0,0.46799999999999997,0.473,431.0,557.0,0.774,71.0,413.0,484.0,448.0,135.0,52.0,201.0,167.0,2003.0,1998.0,2012.0,F-G,6-8,210.0,"May 24, 1979",,7.0,25.67948717948718
Tracy McGrady,2006.0,Tracy McGrady,SF,26.0,HOU,47.0,47.0,1745.0,21.9,0.494,0.231,0.336,3.1,17.2,10.3,28.8,1.8,1.9,9.4,35.0,,1.4,2.7,4.1,0.11199999999999999,,3.4,1.3,4.8,3.0,410.0,1011.0,0.406,73.0,234.0,0.312,337.0,777.0,0.434,0.442,254.0,340.0,0.747,46.0,261.0,307.0,225.0,59.0,41.0,120.0,88.0,1147.0,1998.0,2012.0,F-G,6-8,210.0,"May 24, 1979",,8.0,24.404255319148938
Tracy McGrady,2007.0,Tracy McGrady,SG,27.0,HOU,71.0,71.0,2539.0,23.2,0.515,0.257,0.33,2.6,14.5,8.6,37.5,1.9,1.1,11.2,35.0,,4.1,4.5,8.6,0.163,,4.6,1.6,6.2,5.2,638.0,1480.0,0.431,126.0,381.0,0.331,512.0,1099.0,0.466,0.474,345.0,488.0,0.7070000000000001,56.0,322.0,378.0,458.0,92.0,36.0,213.0,136.0,1747.0,1998.0,2012.0,F-G,6-8,210.0,"May 24, 1979",,9.0,24.6056338028169
Tracy McGrady,2008.0,Tracy McGrady,SG,28.0,HOU,66.0,62.0,2440.0,18.4,0.48700000000000004,0.226,0.27399999999999997,2.0,13.5,7.8,29.6,1.5,0.9,9.8,30.4,,2.0,3.8,5.8,0.115,,1.7,0.7,2.4,2.7,548.0,1307.0,0.419,86.0,295.0,0.292,462.0,1012.0,0.457,0.452,245.0,358.0,0.684,42.0,297.0,339.0,387.0,68.0,30.0,160.0,91.0,1427.0,1998.0,2012.0,F-G,6-8,210.0,"May 24, 1979",,10.0,21.62121212121212
Tracy McGrady,2009.0,Tracy McGrady,SG,29.0,HOU,35.0,35.0,1181.0,16.3,0.49200000000000005,0.24100000000000002,0.322,2.1,12.7,7.6,25.2,1.9,0.9,11.1,24.5,,0.9,1.8,2.7,0.10800000000000001,,0.4,1.0,1.4,1.0,188.0,485.0,0.38799999999999996,44.0,117.0,0.376,144.0,368.0,0.391,0.433,125.0,156.0,0.8009999999999999,20.0,134.0,154.0,175.0,42.0,15.0,69.0,38.0,545.0,1998.0,2012.0,F-G,6-8,210.0,"May 24, 1979",,11.0,15.571428571428571
Tracy McGrady,2010.0,Tracy McGrady,SG,30.0,TOT,30.0,24.0,673.0,12.2,0.466,0.272,0.268,3.7,12.4,7.9,22.6,1.1,1.5,14.3,20.6,,0.0,0.3,0.3,0.018000000000000002,,-2.2,-1.2,-3.3,-0.2,91.0,235.0,0.387,16.0,64.0,0.25,75.0,171.0,0.439,0.42100000000000004,47.0,63.0,0.746,22.0,72.0,94.0,99.0,15.0,14.0,44.0,40.0,245.0,1998.0,2012.0,F-G,6-8,210.0,"May 24, 1979",,12.0,8.166666666666666
Tracy McGrady,2010.0,Tracy McGrady,SG,30.0,HOU,6.0,0.0,46.0,12.4,0.439,0.105,0.316,0.0,12.9,6.2,20.9,0.0,3.2,4.4,21.8,,0.0,0.0,0.0,0.047,,-4.1,-2.0,-6.1,0.0,7.0,19.0,0.368,1.0,2.0,0.5,6.0,17.0,0.353,0.395,4.0,6.0,0.667,0.0,5.0,5.0,6.0,0.0,2.0,1.0,2.0,19.0,1998.0,2012.0,F-G,6-8,210.0,"May 24, 1979",,12.0,3.1666666666666665
Tracy McGrady,2010.0,Tracy McGrady,SG,30.0,NYK,24.0,24.0,627.0,12.2,0.469,0.287,0.264,3.9,12.4,8.1,22.7,1.2,1.4,15.1,20.5,,-0.1,0.3,0.2,0.016,,-2.0,-1.1,-3.1,-0.2,84.0,216.0,0.389,15.0,62.0,0.242,69.0,154.0,0.44799999999999995,0.424,43.0,57.0,0.754,22.0,67.0,89.0,93.0,15.0,12.0,43.0,38.0,226.0,1998.0,2012.0,F-G,6-8,210.0,"May 24, 1979",,12.0,9.416666666666666
Tracy McGrady,2011.0,Tracy McGrady,SG,31.0,DET,72.0,39.0,1686.0,14.9,0.503,0.171,0.251,3.4,15.4,9.1,23.6,2.1,1.6,15.2,18.6,,1.0,1.1,2.1,0.061,,-0.5,0.2,-0.3,0.7,227.0,514.0,0.442,30.0,88.0,0.341,197.0,426.0,0.462,0.47100000000000003,90.0,129.0,0.698,49.0,202.0,251.0,252.0,66.0,34.0,102.0,101.0,574.0,1998.0,2012.0,F-G,6-8,210.0,"May 24, 1979",,13.0,7.972222222222222
Tracy McGrady,2012.0,Tracy McGrady,SF,32.0,ATL,52.0,0.0,837.0,13.6,0.51,0.14300000000000002,0.359,3.3,18.2,10.8,20.8,1.0,1.4,16.5,18.0,,0.5,1.1,1.6,0.094,,-2.4,0.6,-1.7,0.1,101.0,231.0,0.43700000000000006,15.0,33.0,0.455,86.0,198.0,0.434,0.47,56.0,83.0,0.675,23.0,131.0,154.0,110.0,16.0,15.0,53.0,35.0,273.0,1998.0,2012.0,F-G,6-8,210.0,"May 24, 1979",,14.0,5.25
Vince Carter,1999.0,Vince Carter,SF,22.0,TOR,50.0,49.0,1760.0,19.6,0.516,0.086,0.35,6.1,12.6,9.3,17.2,1.7,3.3,11.1,25.6,,3.6,1.4,5.0,0.136,,2.1,-0.2,1.9,1.7,345.0,766.0,0.45,19.0,66.0,0.28800000000000003,326.0,700.0,0.466,0.46299999999999997,204.0,268.0,0.7609999999999999,94.0,189.0,283.0,149.0,55.0,77.0,110.0,140.0,913.0,1999.0,2018.0,G-F,6-6,220.0,"January 26, 1977",University of North Carolina,0.0,18.26
Vince Carter,2000.0,Vince Carter,SF,23.0,TOR,82.0,82.0,3126.0,23.4,0.5429999999999999,0.139,0.325,5.2,12.1,8.5,20.5,1.8,2.1,8.4,30.0,,9.1,2.7,11.8,0.182,,5.2,-0.6,4.6,5.2,788.0,1696.0,0.465,95.0,236.0,0.40299999999999997,693.0,1460.0,0.475,0.493,436.0,551.0,0.7909999999999999,150.0,326.0,476.0,322.0,110.0,92.0,178.0,263.0,2107.0,1999.0,2018.0,G-F,6-6,220.0,"January 26, 1977",University of North Carolina,1.0,25.695121951219512
Vince Carter,2001.0,Vince Carter,SF,24.0,TOR,75.0,75.0,2979.0,25.0,0.551,0.24,0.303,6.5,9.3,7.9,19.2,2.0,1.9,8.2,30.7,,10.3,2.6,12.9,0.20800000000000002,,7.7,-0.6,7.0,6.8,762.0,1656.0,0.46,162.0,397.0,0.408,600.0,1259.0,0.47700000000000004,0.509,384.0,502.0,0.765,176.0,240.0,416.0,291.0,114.0,82.0,167.0,205.0,2070.0,1999.0,2018.0,G-F,6-6,220.0,"January 26, 1977",University of North Carolina,2.0,27.6
Vince Carter,2002.0,Vince Carter,SG,25.0,TOR,60.0,60.0,2385.0,20.5,0.515,0.239,0.235,6.4,8.7,7.5,19.9,2.1,1.3,9.6,30.5,,4.6,2.4,7.0,0.14,,4.8,-0.7,4.1,3.7,559.0,1307.0,0.428,121.0,313.0,0.387,438.0,994.0,0.441,0.474,245.0,307.0,0.7979999999999999,138.0,175.0,313.0,239.0,94.0,43.0,154.0,191.0,1484.0,1999.0,2018.0,G-F,6-6,220.0,"January 26, 1977",University of North Carolina,3.0,24.733333333333334
Vince Carter,2003.0,Vince Carter,SG,26.0,TOR,43.0,42.0,1471.0,21.9,0.532,0.172,0.21100000000000002,4.4,10.4,7.3,20.4,1.7,2.0,8.2,28.1,,3.4,0.8,4.2,0.136,,4.1,-1.4,2.7,1.7,355.0,760.0,0.467,45.0,131.0,0.344,310.0,629.0,0.493,0.49700000000000005,129.0,160.0,0.8059999999999999,59.0,129.0,188.0,143.0,48.0,41.0,74.0,121.0,884.0,1999.0,2018.0,G-F,6-6,220.0,"January 26, 1977",University of North Carolina,4.0,20.558139534883722
Vince Carter,2004.0,Vince Carter,SG,27.0,TOR,73.0,73.0,2785.0,20.0,0.501,0.16699999999999998,0.28600000000000003,3.9,10.6,7.2,28.0,1.7,1.7,12.0,32.5,,2.6,3.4,6.0,0.10300000000000001,,2.9,0.1,2.9,3.4,608.0,1457.0,0.41700000000000004,93.0,243.0,0.38299999999999995,515.0,1214.0,0.424,0.449,336.0,417.0,0.8059999999999999,95.0,254.0,349.0,348.0,88.0,65.0,223.0,212.0,1645.0,1999.0,2018.0,G-F,6-6,220.0,"January 26, 1977",University of North Carolina,5.0,22.534246575342465
Vince Carter,2005.0,Vince Carter,SF-SG,28.0,TOT,77.0,76.0,2828.0,22.9,0.541,0.203,0.299,4.4,12.6,8.4,25.7,2.1,1.3,8.8,31.6,,5.9,3.5,9.4,0.159,,5.3,0.0,5.3,5.2,696.0,1541.0,0.452,127.0,313.0,0.406,569.0,1228.0,0.46299999999999997,0.493,367.0,460.0,0.7979999999999999,106.0,295.0,401.0,327.0,109.0,48.0,168.0,243.0,1886.0,1999.0,2018.0,G-F,6-6,220.0,"January 26, 1977",University of North Carolina,6.0,24.493506493506494
Vince Carter,2005.0,Vince Carter,SG,28.0,TOR,20.0,20.0,608.0,17.0,0.475,0.195,0.23800000000000002,5.1,7.2,6.1,18.5,2.1,1.8,6.2,26.7,,0.5,0.4,0.9,0.068,,1.2,-1.1,0.1,0.3,124.0,302.0,0.41100000000000003,19.0,59.0,0.322,105.0,243.0,0.43200000000000005,0.442,50.0,72.0,0.6940000000000001,28.0,38.0,66.0,61.0,25.0,15.0,22.0,56.0,317.0,1999.0,2018.0,G-F,6-6,220.0,"January 26, 1977",University of North Carolina,6.0,15.85
Vince Carter,2005.0,Vince Carter,SF,28.0,NJN,57.0,56.0,2220.0,24.5,0.556,0.205,0.313,4.2,14.1,9.1,27.6,2.0,1.2,9.4,32.9,,5.4,3.1,8.5,0.184,,6.4,0.3,6.7,4.8,572.0,1239.0,0.462,108.0,254.0,0.425,464.0,985.0,0.47100000000000003,0.505,317.0,388.0,0.8170000000000001,78.0,257.0,335.0,266.0,84.0,33.0,146.0,187.0,1569.0,1999.0,2018.0,G-F,6-6,220.0,"January 26, 1977",University of North Carolina,6.0,27.526315789473685
Vince Carter,2006.0,Vince Carter,SG,29.0,NJN,79.0,79.0,2906.0,21.6,0.536,0.242,0.396,5.4,13.4,9.3,24.4,1.7,1.5,10.7,32.3,,4.9,4.4,9.3,0.153,,3.9,0.5,4.4,4.7,653.0,1518.0,0.43,125.0,367.0,0.341,528.0,1151.0,0.45899999999999996,0.47100000000000003,480.0,601.0,0.799,135.0,327.0,462.0,338.0,94.0,53.0,213.0,235.0,1911.0,1999.0,2018.0,G-F,6-6,220.0,"January 26, 1977",University of North Carolina,7.0,24.189873417721518
Vince Carter,2007.0,Vince Carter,SG,30.0,NJN,82.0,82.0,3126.0,21.8,0.5589999999999999,0.273,0.36,4.3,14.2,9.3,25.1,1.4,0.8,10.5,30.8,,7.4,3.1,10.5,0.161,,4.7,-0.6,4.1,4.8,726.0,1598.0,0.45399999999999996,156.0,437.0,0.35700000000000004,570.0,1161.0,0.491,0.503,462.0,576.0,0.802,114.0,378.0,492.0,393.0,82.0,30.0,217.0,266.0,2070.0,1999.0,2018.0,G-F,6-6,220.0,"January 26, 1977",University of North Carolina,8.0,25.24390243902439
Vince Carter,2008.0,Vince Carter,SG,31.0,NJN,76.0,72.0,2959.0,18.8,0.55,0.212,0.33299999999999996,4.4,13.4,8.9,25.2,1.6,0.9,10.9,25.6,,5.5,2.2,7.7,0.126,,3.3,-0.3,3.0,3.8,587.0,1287.0,0.456,98.0,273.0,0.359,489.0,1014.0,0.48200000000000004,0.494,350.0,429.0,0.816,112.0,341.0,453.0,389.0,93.0,33.0,181.0,241.0,1622.0,1999.0,2018.0,G-F,6-6,220.0,"January 26, 1977",University of North Carolina,9.0,21.342105263157894
Vince Carter,2009.0,Vince Carter,SG,32.0,NJN,80.0,80.0,2946.0,19.3,0.545,0.29100000000000004,0.305,3.0,13.8,8.3,23.7,1.5,1.1,9.8,26.8,,5.7,1.8,7.5,0.12300000000000001,,3.5,-0.9,2.5,3.4,588.0,1345.0,0.43700000000000006,151.0,392.0,0.385,437.0,953.0,0.45899999999999996,0.493,335.0,410.0,0.8170000000000001,74.0,336.0,410.0,376.0,82.0,38.0,166.0,234.0,1662.0,1999.0,2018.0,G-F,6-6,220.0,"January 26, 1977",University of North Carolina,10.0,20.775
Vince Carter,2010.0,Vince Carter,SG,33.0,ORL,75.0,74.0,2310.0,17.1,0.541,0.319,0.301,1.7,12.6,7.3,17.8,1.2,0.6,8.4,25.2,,4.4,3.0,7.4,0.154,,1.9,-0.1,1.7,2.2,434.0,1015.0,0.428,119.0,324.0,0.36700000000000005,315.0,691.0,0.456,0.486,257.0,306.0,0.84,33.0,260.0,293.0,236.0,53.0,18.0,106.0,189.0,1244.0,1999.0,2018.0,G-F,6-6,220.0,"January 26, 1977",University of North Carolina,11.0,16.586666666666666
Vince Carter,2011.0,Vince Carter,SG,34.0,TOT,73.0,63.0,2051.0,14.8,0.528,0.36,0.19399999999999998,3.1,12.4,7.8,12.1,1.7,0.7,8.5,23.5,,2.0,1.9,3.8,0.08900000000000001,,1.0,-0.7,0.3,1.2,389.0,891.0,0.43700000000000006,116.0,321.0,0.361,273.0,570.0,0.479,0.502,128.0,173.0,0.74,54.0,221.0,275.0,146.0,67.0,20.0,90.0,193.0,1022.0,1999.0,2018.0,G-F,6-6,220.0,"January 26, 1977",University of North Carolina,12.0,14.0
Vince Carter,2011.0,Vince Carter,SG,34.0,ORL,22.0,22.0,664.0,16.2,0.557,0.293,0.282,2.0,13.5,7.9,17.3,1.6,0.4,10.7,23.4,,1.1,1.0,2.1,0.151,,1.4,0.6,1.9,0.7,125.0,266.0,0.47,27.0,78.0,0.34600000000000003,98.0,188.0,0.521,0.521,56.0,75.0,0.747,11.0,79.0,90.0,64.0,20.0,3.0,36.0,70.0,333.0,1999.0,2018.0,G-F,6-6,220.0,"January 26, 1977",University of North Carolina,12.0,15.136363636363637
Vince Carter,2011.0,Vince Carter,SG,34.0,PHO,51.0,41.0,1387.0,14.2,0.516,0.389,0.157,3.6,11.8,7.7,9.6,1.7,0.9,7.5,23.5,,0.9,0.8,1.7,0.06,,0.8,-1.2,-0.4,0.5,264.0,625.0,0.42200000000000004,89.0,243.0,0.366,175.0,382.0,0.45799999999999996,0.494,72.0,98.0,0.735,43.0,142.0,185.0,82.0,47.0,17.0,54.0,123.0,689.0,1999.0,2018.0,G-F,6-6,220.0,"January 26, 1977",University of North Carolina,12.0,13.509803921568627
Vince Carter,2012.0,Vince Carter,SG,35.0,DAL,61.0,40.0,1542.0,13.6,0.519,0.37799999999999995,0.212,2.3,12.5,7.5,15.0,1.9,1.3,12.4,20.4,,1.0,1.8,2.9,0.09,,0.0,0.6,0.6,1.0,223.0,542.0,0.41100000000000003,74.0,205.0,0.361,149.0,337.0,0.442,0.48,95.0,115.0,0.826,32.0,173.0,205.0,139.0,56.0,25.0,84.0,134.0,615.0,1999.0,2018.0,G-F,6-6,220.0,"January 26, 1977",University of North Carolina,13.0,10.081967213114755
Vince Carter,2013.0,Vince Carter,SF,36.0,DAL,81.0,3.0,2093.0,17.8,0.5710000000000001,0.467,0.261,3.1,14.4,8.9,15.0,1.8,1.6,10.0,23.1,,3.9,2.0,6.0,0.13699999999999998,,3.3,-0.4,2.9,2.6,372.0,855.0,0.435,162.0,399.0,0.406,210.0,456.0,0.461,0.53,182.0,223.0,0.816,58.0,276.0,334.0,194.0,74.0,44.0,106.0,226.0,1088.0,1999.0,2018.0,G-F,6-6,220.0,"January 26, 1977",University of North Carolina,14.0,13.432098765432098
Vince Carter,2014.0,Vince Carter,SG,37.0,DAL,81.0,0.0,1973.0,15.9,0.539,0.457,0.242,4.0,12.6,8.3,16.5,1.6,1.5,10.7,23.1,,3.0,1.3,4.3,0.105,,2.2,-1.0,1.1,1.6,330.0,811.0,0.40700000000000003,146.0,371.0,0.39399999999999996,184.0,440.0,0.418,0.49700000000000005,161.0,196.0,0.821,67.0,217.0,284.0,212.0,61.0,35.0,108.0,209.0,967.0,1999.0,2018.0,G-F,6-6,220.0,"January 26, 1977",University of North Carolina,15.0,11.938271604938272
Vince Carter,2015.0,Vince Carter,SG,38.0,MEM,66.0,1.0,1091.0,9.6,0.445,0.5710000000000001,0.14,2.8,11.1,7.0,11.1,2.1,1.1,9.1,19.9,,-0.5,1.4,1.0,0.043,,-1.1,-0.3,-1.4,0.2,135.0,406.0,0.33299999999999996,69.0,232.0,0.297,66.0,174.0,0.379,0.41700000000000004,45.0,57.0,0.789,27.0,106.0,133.0,79.0,43.0,14.0,43.0,102.0,384.0,1999.0,2018.0,G-F,6-6,220.0,"January 26, 1977",University of North Carolina,16.0,5.818181818181818
Vince Carter,2016.0,Vince Carter,SG,39.0,MEM,60.0,3.0,1005.0,12.7,0.52,0.493,0.245,3.4,13.6,8.3,8.9,1.9,1.5,8.4,18.5,,1.0,0.8,1.8,0.084,,-0.1,-1.2,-1.2,0.2,133.0,343.0,0.38799999999999996,59.0,169.0,0.349,74.0,174.0,0.425,0.474,70.0,84.0,0.833,31.0,115.0,146.0,56.0,38.0,16.0,35.0,101.0,395.0,1999.0,2018.0,G-F,6-6,220.0,"January 26, 1977",University of North Carolina,17.0,6.583333333333333
Vince Carter,2017.0,Vince Carter,SF,40.0,MEM,73.0,15.0,1799.0,11.7,0.542,0.604,0.235,2.2,12.5,7.2,11.5,1.7,1.9,8.5,14.9,,1.9,2.1,4.0,0.106,,0.1,0.9,1.0,1.4,193.0,490.0,0.39399999999999996,112.0,296.0,0.37799999999999995,81.0,194.0,0.418,0.508,88.0,115.0,0.765,36.0,191.0,227.0,133.0,60.0,36.0,50.0,163.0,586.0,1999.0,2018.0,G-F,6-6,220.0,"January 26, 1977",University of North Carolina,18.0,8.027397260273972
